[{"name":"창동남대문약국","address":"(01471) 서울특별시 도봉구 덕릉로 223 ","tel":"02-995-6005","open":"09:00 ~ 21:30","sido":"seoul","sigungu":"dobong_gu"},{"name":"도봉태평양약국","address":"(01307) 서울특별시 도봉구 도봉로 821 ","tel":"02-955-6228","open":"09:00 ~ 20:00","sido":"seoul","sigungu":"dobong_gu"},{"name":"용호약국","address":"(01379) 서울특별시 도봉구 노해로41길 42 ","tel":"02-991-7134","open":"09:00 ~ 20:00","sido":"seoul","sigungu":"dobong_gu"},{"name":"보화당약국","address":"(01414) 서울특별시 도봉구 노해로69길 15세정빌딩 내 1층 보화당약국","tel":"02-995-2929","open":"09:00 ~ 23:00","sido":"seoul","sigungu":"dobong_gu"},{"name":"이화태평양약국","address":"(01470) 서울특별시 도봉구 덕릉로 239 ","tel":"02-991-8447","open":"09:00 ~ 23:00","sido":"seoul","sigungu":"dobong_gu"},{"name":"중앙온누리약국","address":"(01470) 서울특별시 도봉구 덕릉로 241 ","tel":"02-903-3005","open":"09:00 ~ 19:30","sido":"seoul","sigungu":"dobong_gu"},{"name":"부광약국","address":"(01489) 서울특별시 도봉구 덕릉로66길 17상가 120 ","tel":"02-902-3654","open":"09:00 ~ 20:00","sido":"seoul","sigungu":"dobong_gu"},{"name":"산들약국","address":"(01357) 서울특별시 도봉구 도당로13길 17 ","tel":"070-4300-3308","open":"09:00 ~ 20:00","sido":"seoul","sigungu":"dobong_gu"},{"name":"쉐르빌약국","address":"(01454) 서울특별시 도봉구 도봉로 476109호 ","tel":"02-999-4117","open":"09:00 ~ 19:30","sido":"seoul","sigungu":"dobong_gu"},{"name":"진성온누리약국","address":"(01340) 서울특별시 도봉구 도봉로 681 ","tel":"02-993-5535","open":"09:00 ~ 20:00","sido":"seoul","sigungu":"dobong_gu"},{"name":"방학약국","address":"(01350) 서울특별시 도봉구 도봉로 729 ","tel":"02-955-8822","open":"09:00 ~ 21:00","sido":"seoul","sigungu":"dobong_gu"},{"name":"한마음약국","address":"(01332) 서울특별시 도봉구 도봉로150길 43 ESA상가2단지215호","tel":"02-3491-6155","open":"09:30 ~ 18:30","sido":"seoul","sigungu":"dobong_gu"},{"name":"늘푸른약국","address":"(01308) 서울특별시 도봉구 도봉로163길 7 ","tel":"02-3493-3823","open":"09:00 ~ 19:00","sido":"seoul","sigungu":"dobong_gu"},{"name":"부부약국","address":"(01303) 서울특별시 도봉구 도봉로181길 46 ","tel":"02-954-3349","open":"09:00 ~ 21:00","sido":"seoul","sigungu":"dobong_gu"},{"name":"드림온누리약국","address":"(01410) 서울특별시 도봉구 마들로 551 120호","tel":"02-999-1514","open":"09:00 ~ 19:00","sido":"seoul","sigungu":"dobong_gu"},{"name":"서진약국","address":"(01325) 서울특별시 도봉구 마들로 686 ","tel":"02-3493-1315","open":"08:30 ~ 21:00","sido":"seoul","sigungu":"dobong_gu"},{"name":"소망약국","address":"(01328) 서울특별시 도봉구 마들로 691 ","tel":"02-954-7291","open":"09:00 ~ 18:30","sido":"seoul","sigungu":"dobong_gu"},{"name":"희정약국","address":"(01318) 서울특별시 도봉구 마들로 859-19단지내 상가 109호 ","tel":"02-956-3310","open":"09:00 ~ 19:30","sido":"seoul","sigungu":"dobong_gu"},{"name":"힘찬약국","address":"(01366) 서울특별시 도봉구 삼양로 580-4 1층 101호 (쌍문동, 노스브릭)","tel":"02-996-9114","open":"08:30 ~ 20:30","sido":"seoul","sigungu":"dobong_gu"},{"name":"레몬약국","address":"(01362) 서울특별시 도봉구 시루봉로 105 신동아 중앙상가 111호","tel":"070-8184-9606","open":"09:00 ~ 19:00","sido":"seoul","sigungu":"dobong_gu"},{"name":"태양당약국","address":"(01314) 서울특별시 도봉구 시루봉로15길 36 ","tel":"02-3493-0664","open":"09:00 ~ 19:00","sido":"seoul","sigungu":"dobong_gu"},{"name":"대웅약국","address":"(01452) 서울특별시 도봉구 우이천로 298 ","tel":"02-990-2345","open":"09:00 ~ 18:00","sido":"seoul","sigungu":"dobong_gu"},{"name":"후문한일약국","address":"(01449) 서울특별시 도봉구 우이천로 304 상가내 ","tel":"02-999-9101","open":"09:00 ~ 18:00","sido":"seoul","sigungu":"dobong_gu"},{"name":"라파온누리약국","address":"(01481) 서울특별시 도봉구 우이천로4길 42 ","tel":"02-995-7998","open":"09:00 ~ 20:30","sido":"seoul","sigungu":"dobong_gu"},{"name":"도봉온누리약국","address":"(01395) 서울특별시 도봉구 해등로 158 1층","tel":"070-8835-7700","open":"09:30 ~ 익일01:00","sido":"seoul","sigungu":"dobong_gu"},{"name":"건강제일녹십자약국","address":"(01394) 서울특별시 도봉구 해등로 190상가1층 ","tel":"02-906-1024","open":"09:00 ~ 21:00","sido":"seoul","sigungu":"dobong_gu"},{"name":"파마트열린약국","address":"(01387) 서울특별시 도봉구 해등로 218 보성상가 102호 ","tel":"02-990-3367","open":"09:00 ~ 18:30","sido":"seoul","sigungu":"dobong_gu"},{"name":"희망약국","address":"(01402) 서울특별시 도봉구 해등로16길 26 타임플라자 104호","tel":"02-903-7511","open":"09:00 ~ 20:00","sido":"seoul","sigungu":"dobong_gu"}]