[{"name":"검단미래안약국","addr":"(22616) 인천광역시 서구 검단로 469 (왕길동)","tel":"032-566-9037","time":"09:00 ~ 21:00","sido":"incheon","sigungu":"seo"},{"name":"미약국","addr":"(22682) 인천광역시 서구 고산후로95번길 20 힘찬프라자 108호 (당하동)","tel":"032-568-8998","time":"09:00 ~ 22:00","sido":"incheon","sigungu":"seo"},{"name":"보성메디컬약국","addr":"(22616) 인천광역시 서구 완정로 179 제이원검단메디컬프라자 102, 103호 (왕길동)","tel":"032-567-0167","time":"09:00 ~ 20:00","sido":"incheon","sigungu":"seo"},{"name":"성모약국","addr":"(22781) 인천광역시 서구 원창로 174 102~103호 (신현동, 남송)","tel":"032-583-6083","time":"06:00 ~ 익일06:00","sido":"incheon","sigungu":"seo"},{"name":"365열린약국","addr":"(22736) 인천광역시 서구 청라라임로 51 (청라동) 에일린의뜰 105호","tel":"070-8837-7582","time":"08:30 ~ 20:30","sido":"incheon","sigungu":"seo"},{"name":"대명약국","addr":"(22736) 인천광역시 서구 청라라임로 71 (청라동,진영메디피아)","tel":"032-569-5213","time":"09:00 ~ 22:00","sido":"incheon","sigungu":"seo"},{"name":"청라큰사랑약국","addr":"(22738) 인천광역시 서구 청라에메랄드로 79 B12 B13 (청라동, 커넬에비뉴)","tel":"032-568-7729","time":"09:00 ~ 21:00","sido":"incheon","sigungu":"seo"},{"name":"옵티마강남약국","addr":"(22739) 인천광역시 서구 청라에메랄드로 84 106호 (청라동, 딜라이트타워2차)","tel":"032-865-2222","time":"10:00 ~ 21:00","sido":"incheon","sigungu":"seo"},{"name":"청라온누리약국","addr":"(22739) 인천광역시 서구 청라에메랄드로102번길 8 108호 (연희동,우성메디피아)","tel":"032-567-8212","time":"08:30 ~ 21:00","sido":"incheon","sigungu":"seo"},{"name":"정든약국","addr":"(22834) 인천광역시 서구 가정로 124 정든약국 (가좌동)","tel":"032-581-9916","time":"09:00 ~ 22:00","sido":"incheon","sigungu":"seo"},{"name":"정성약국","addr":"(22795) 인천광역시 서구 가정로 201-1 (석남동, 두일빌딩)","tel":"032-579-0075","time":"08:30 ~ 20:00","sido":"incheon","sigungu":"seo"},{"name":"청우약국","addr":"(22796) 인천광역시 서구 가정로 202 청우약국 (석남동)","tel":"032-571-2455","time":"08:30 ~ 18:30","sido":"incheon","sigungu":"seo"},{"name":"천사약국","addr":"(22789) 인천광역시 서구 가정로 263 (신현동, 그린빌딩)","tel":"032-579-8735","time":"09:00 ~ 21:00","sido":"incheon","sigungu":"seo"},{"name":"새솔약국","addr":"(22790) 인천광역시 서구 가정로 280 102호 (석남동)","tel":"032-582-3969","time":"09:00 ~ 20:00","sido":"incheon","sigungu":"seo"},{"name":"석남우리약국","addr":"(22785) 인천광역시 서구 가정로 291 석남우리약국 (석남동)","tel":"032-575-6006","time":"08:30 ~ 20:00","sido":"incheon","sigungu":"seo"},{"name":"하나온누리약국","addr":"(22785) 인천광역시 서구 가정로 309 (석남동)","tel":"032-571-6956","time":"09:00 ~ 21:00","sido":"incheon","sigungu":"seo"},{"name":"푸른건강약국","addr":"(22777) 인천광역시 서구 가정로 370 (가정동,가정빌딩)","tel":"032-571-9206","time":"09:00 ~ 20:00","sido":"incheon","sigungu":"seo"},{"name":"오렌지약국","addr":"(22778) 인천광역시 서구 가정로 375 금강아미움상가 104호 (신현동)","tel":"032-563-2474","time":"09:00 ~ 21:00","sido":"incheon","sigungu":"seo"},{"name":"한솔약국","addr":"(22777) 인천광역시 서구 가정로 382 새인천상가 내 (가정동)","tel":"032-572-7633","time":"09:00 ~ 20:30","sido":"incheon","sigungu":"seo"},{"name":"세란약국","addr":"(22777) 인천광역시 서구 가정로 388 (가정동)","tel":"032-582-1682","time":"09:00 ~ 19:00","sido":"incheon","sigungu":"seo"},{"name":"루원서울약국","addr":"(22775) 인천광역시 서구 가정로 437 301동상가 204호 (가정동,루원시티SK리더스뷰)","tel":"032-715-7282","time":"09:00 ~ 20:00","sido":"incheon","sigungu":"seo"},{"name":"보건약국","addr":"(22796) 인천광역시 서구 거북로 104 (석남동)","tel":"032-582-2761","time":"09:00 ~ 20:00","sido":"incheon","sigungu":"seo"},{"name":"자생약국","addr":"(22795) 인천광역시 서구 거북로 74-1 (석남동)","tel":"032-571-6066","time":"07:30 ~ 20:00","sido":"incheon","sigungu":"seo"},{"name":"조은약국","addr":"(22796) 인천광역시 서구 거북로 98 (석남동)","tel":"032-576-7530","time":"09:00 ~ 19:00","sido":"incheon","sigungu":"seo"},{"name":"에버그린약국","addr":"(22806) 인천광역시 서구 건지로 371 (가좌동)","tel":"032-582-7799","time":"09:00 ~ 20:00","sido":"incheon","sigungu":"seo"},{"name":"가좌약국","addr":"(22808) 인천광역시 서구 건지로318번길 32 103호 (가좌동)","tel":"032-571-3183","time":"09:00 ~ 19:30","sido":"incheon","sigungu":"seo"},{"name":"산들약국","addr":"(22636) 인천광역시 서구 검단로 474 (왕길동,뷰비스타운)","tel":"032-564-9133","time":"09:00 ~ 21:00","sido":"incheon","sigungu":"seo"},{"name":"백제약국","addr":"(22636) 인천광역시 서구 검단로 480 리치웰프라자 백제약국 (왕길동)","tel":"032-569-7582","time":"09:00 ~ 21:00","sido":"incheon","sigungu":"seo"},{"name":"불로스타약국","addr":"(22620) 인천광역시 서구 검단로 759 103호 (불로동, 스타빌딩)","tel":"032-566-2624","time":"10:30 ~ 22:00","sido":"incheon","sigungu":"seo"},{"name":"서울약국","addr":"(22628) 인천광역시 서구 검단로 836 217호 (불로동,월드상가)","tel":"032-564-0030","time":"09:00 ~ 18:00","sido":"incheon","sigungu":"seo"},{"name":"조은나라약국","addr":"(22628) 인천광역시 서구 검단로 836 206호 (불로동,월드@중앙상가)","tel":"032-565-4090","time":"09:00 ~ 19:00","sido":"incheon","sigungu":"seo"},{"name":"참사랑약국","addr":"(22628) 인천광역시 서구 검단로 836 중앙상가 201호 213호 (불로동,월드@중앙상가)","tel":"032-563-8810","time":"09:00 ~ 18:30","sido":"incheon","sigungu":"seo"},{"name":"누리약국","addr":"(22616) 인천광역시 서구 검단로445번길 18 (왕길동,SM프라자)","tel":"032-567-0344","time":"09:00 ~ 19:00","sido":"incheon","sigungu":"seo"},{"name":"중앙약국","addr":"(22789) 인천광역시 서구 길주로75번길 36 104호 (석남동,동서빌딩)","tel":"032-582-5919","time":"09:30 ~ 22:00","sido":"incheon","sigungu":"seo"},{"name":"하나약국","addr":"(22657) 인천광역시 서구 단봉로 107 104호 104호 (왕길동,성우프라자)","tel":"032-563-1558","time":"09:00 ~ 19:00","sido":"incheon","sigungu":"seo"},{"name":"열린온누리약국","addr":"(22657) 인천광역시 서구 단봉로 97-7 108호 (왕길동, 센타프라자)","tel":"070-8828-9179","time":"09:00 ~ 20:00","sido":"incheon","sigungu":"seo"},{"name":"경서메디칼약국","addr":"(22692) 인천광역시 서구 도요지로 22 경서메디칼약국 (경서동)","tel":"032-562-4001","time":"09:00 ~ 21:00","sido":"incheon","sigungu":"seo"},{"name":"바른약국","addr":"(22858) 인천광역시 서구 봉오재3로 40 104호 (가정동)","tel":"070-7670-1009","time":"09:00 ~ 19:30","sido":"incheon","sigungu":"seo"},{"name":"가정미소약국","addr":"(22858) 인천광역시 서구 봉오재3로 42 1층 (가정동)","tel":"032-567-3012","time":"09:00 ~ 19:30","sido":"incheon","sigungu":"seo"},{"name":"명문약국","addr":"(22858) 인천광역시 서구 봉오재3로 44 101호 명문약국 (가정동, 명문프라자)","tel":"032-721-7220","time":"09:00 ~ 20:00","sido":"incheon","sigungu":"seo"},{"name":"대학약국","addr":"(22787) 인천광역시 서구 새오개로 37 (석남동)","tel":"032-574-6237","time":"09:00 ~ 20:30","sido":"incheon","sigungu":"seo"},{"name":"연세드림약국","addr":"(22779) 인천광역시 서구 새오개로111번안길 32 (신현동)","tel":"032-572-9003","time":"09:00 ~ 20:00","sido":"incheon","sigungu":"seo"},{"name":"녹십자약국","addr":"(22727) 인천광역시 서구 서곶로 293 1층 녹십자약국 (심곡동, 우민메디칼)","tel":"032-566-8600","time":"09:00 ~ 19:00","sido":"incheon","sigungu":"seo"},{"name":"새연희약국","addr":"(22721) 인천광역시 서구 서곶로 355-1 (연희동)","tel":"032-567-3186","time":"08:00 ~ 20:30","sido":"incheon","sigungu":"seo"},{"name":"검단마트약국","addr":"(22686) 인천광역시 서구 서곶로 754 이마트검단점 3층 (당하동)","tel":"032-564-7588","time":"10:00 ~ 21:30","sido":"incheon","sigungu":"seo"},{"name":"함께약국","addr":"(22675) 인천광역시 서구 서곶로 823 1층 (당하동,송산프라자)","tel":"032-567-3828","time":"08:30 ~ 21:30","sido":"incheon","sigungu":"seo"},{"name":"한국약국","addr":"(22800) 인천광역시 서구 서달로163번길 9 (석남동)","tel":"032-581-9297","time":"09:00 ~ 20:00","sido":"incheon","sigungu":"seo"},{"name":"연세온누리약국","addr":"(22719) 인천광역시 서구 승학로 321 (연희동)","tel":"032-561-2212","time":"09:00 ~ 21:00","sido":"incheon","sigungu":"seo"},{"name":"늘건강온누리약국","addr":"(22695) 인천광역시 서구 승학로 491 105호 (검암동,고산프라자)","tel":"032-569-2306","time":"09:00 ~ 21:00","sido":"incheon","sigungu":"seo"},{"name":"행복한약국","addr":"(22695) 인천광역시 서구 승학로 497 109호 (검암동,검암프라자)","tel":"070-7792-5502","time":"09:00 ~ 19:00","sido":"incheon","sigungu":"seo"},{"name":"성민메디칼약국","addr":"(22789) 인천광역시 서구 신석로 68 1층 (석남동)","tel":"032-577-6245","time":"09:00 ~ 18:30","sido":"incheon","sigungu":"seo"},{"name":"건지약국","addr":"(22817) 인천광역시 서구 신진말로 30 (가좌동)","tel":"032-571-7572","time":"09:00 ~ 19:00","sido":"incheon","sigungu":"seo"},{"name":"명성약국","addr":"(22816) 인천광역시 서구 신진말로 37-1 (가좌동)","tel":"032-577-6558","time":"09:00 ~ 21:00","sido":"incheon","sigungu":"seo"},{"name":"제일약국","addr":"(22714) 인천광역시 서구 심곡로 133 111호 (심곡동, 대동상가)","tel":"032-564-8421","time":"09:00 ~ 20:00","sido":"incheon","sigungu":"seo"},{"name":"연희우리약국","addr":"(22729) 인천광역시 서구 심곡로 24 (심곡동)","tel":"032-566-4258","time":"09:00 ~ 18:00","sido":"incheon","sigungu":"seo"},{"name":"크린팜대학약국","addr":"(22711) 인천광역시 서구 심곡로100번길 15 (심곡동, 국제성모병원응급실앞)","tel":"032-567-8874","time":"08:30 ~ 18:00","sido":"incheon","sigungu":"seo"},{"name":"토마토약국","addr":"(22711) 인천광역시 서구 심곡로100번길 17-3 (심곡동)","tel":"032-567-5860","time":"08:30 ~ 17:30","sido":"incheon","sigungu":"seo"},{"name":"백제당약국","addr":"(22721) 인천광역시 서구 연희로 12 예동빌딩 1층 (연희동)","tel":"032-562-3049","time":"08:30 ~ 19:30","sido":"incheon","sigungu":"seo"},{"name":"루원진약국","addr":"(22883) 인천광역시 서구 염곡로464번길 15 1층 (가정동)","tel":"032-569-4880","time":"09:00 ~ 19:00","sido":"incheon","sigungu":"seo"},{"name":"생동온누리약국","addr":"(22636) 인천광역시 서구 완정로 153 101호 (왕길동, 이레메디칼)","tel":"032-568-1589","time":"08:30 ~ 19:00","sido":"incheon","sigungu":"seo"},{"name":"검단온누리약국","addr":"(22642) 인천광역시 서구 완정로 18 104호 (마전동,한윤메디칼)","tel":"032-564-8894","time":"09:00 ~ 20:30","sido":"incheon","sigungu":"seo"},{"name":"마전메디칼약국","addr":"(22616) 인천광역시 서구 완정로 187 (왕길동,마전메디칼센터)","tel":"032-561-0396","time":"09:00 ~ 20:30","sido":"incheon","sigungu":"seo"},{"name":"메디팜우리들약국","addr":"(22616) 인천광역시 서구 완정로 187 마전메디컬센터 101호 (왕길동)","tel":"032-561-0978","time":"08:00 ~ 20:00","sido":"incheon","sigungu":"seo"},{"name":"그린온누리약국","addr":"(22616) 인천광역시 서구 완정로 187 103호 (왕길동,마전메디칼센터)","tel":"032-561-1775","time":"08:00 ~ 19:00","sido":"incheon","sigungu":"seo"},{"name":"한성메디칼약국","addr":"(22640) 인천광역시 서구 완정로 36 한성빌딩1층 (마전동)","tel":"032-567-5345","time":"09:00 ~ 20:30","sido":"incheon","sigungu":"seo"},{"name":"단오약국","addr":"(22618) 인천광역시 서구 완정로178번길 31 (마전동)","tel":"032-563-3245","time":"09:00 ~ 21:00","sido":"incheon","sigungu":"seo"},{"name":"즐거운약국","addr":"(22637) 인천광역시 서구 원당대로 581 롯데마트 2층 (마전동)","tel":"032-574-1651","time":"10:00 ~ 21:00","sido":"incheon","sigungu":"seo"},{"name":"올리브약국","addr":"(22643) 인천광역시 서구 원당대로 663 103호 (마전동, 한종프라자)","tel":"032-566-5505","time":"09:00 ~ 20:00","sido":"incheon","sigungu":"seo"},{"name":"원당우리약국","addr":"(22647) 인천광역시 서구 원당대로 859 107호 (원당동, 원당메디칼프라자)","tel":"032-568-1591","time":"09:30 ~ 20:00","sido":"incheon","sigungu":"seo"},{"name":"원당연세약국","addr":"(22682) 인천광역시 서구 원당대로 866 세브란스빌딩 201호 (당하동)","tel":"032-569-2773","time":"08:30 ~ 19:00","sido":"incheon","sigungu":"seo"},{"name":"성심메디팜약국","addr":"(22810) 인천광역시 서구 원적로 100 (가좌동) 로얄프라자 110호 ","tel":"032-575-5556","time":"09:00 ~ 19:00","sido":"incheon","sigungu":"seo"},{"name":"굿윌드림약국","addr":"(22809) 인천광역시 서구 원적로 103 (가좌동)","tel":"032-574-4793","time":"09:00 ~ 21:00","sido":"incheon","sigungu":"seo"},{"name":"가좌한마음약국","addr":"(22809) 인천광역시 서구 원적로 85 (가좌동, 우신프라자)","tel":"032-571-7582","time":"09:30 ~ 19:00","sido":"incheon","sigungu":"seo"},{"name":"사랑의약국","addr":"(22810) 인천광역시 서구 원적로 96 (가좌동)","tel":"032-577-4241","time":"10:00 ~ 19:30","sido":"incheon","sigungu":"seo"},{"name":"편안한약국","addr":"(22819) 인천광역시 서구 원적로27번길 11 1층 (가좌동)","tel":"032-583-1133","time":"08:30 ~ 19:30","sido":"incheon","sigungu":"seo"},{"name":"가좌메디칼약국","addr":"(22810) 인천광역시 서구 원적로96번길 26 (가좌동, 가좌쇼핑프라자)","tel":"032-579-8653","time":"08:00 ~ 19:00","sido":"incheon","sigungu":"seo"},{"name":"휴베이스퍼스트약국","addr":"(22865) 인천광역시 서구 이음5로 80 108호 (원당동,검단퍼스트)","tel":"032-566-7677","time":"08:30 ~ 20:00","sido":"incheon","sigungu":"seo"},{"name":"검단아라태평양약국","addr":"(22866) 인천광역시 서구 이음대로 378 109호 (원당동,로뎀타워)","tel":"032-561-7766","time":"09:00 ~ 20:30","sido":"incheon","sigungu":"seo"},{"name":"이도약국","addr":"(22762) 인천광역시 서구 중봉대로 587 (경서동,홈플러스 인천청라점)","tel":"032-562-8050","time":"10:00 ~ 21:30","sido":"incheon","sigungu":"seo"},{"name":"청라중앙약국","addr":"(22736) 인천광역시 서구 중봉대로 588 104호 (연희동)","tel":"032-569-5678","time":"09:00 ~ 20:00","sido":"incheon","sigungu":"seo"}]