[{"name":"석원약국","address":"(05405) 서울특별시 강동구 강동대로53길 94 1층","tel":"02-484-6658","open":"11:00 ~ 22:00","sido":"seoul","sigungu":"kangdong_gu"},{"name":"봄날약국","address":"(05274) 서울특별시 강동구 고덕로 380 고덕아르테온 206호","tel":"02-6285-3691","open":"08:30 ~ 21:00","sido":"seoul","sigungu":"kangdong_gu"},{"name":"신연세약국","address":"(05254) 서울특별시 강동구 고덕로 88 ","tel":"02-3426-5809","open":"09:00 ~ 19:00","sido":"seoul","sigungu":"kangdong_gu"},{"name":"강남참약국","address":"(05282) 서울특별시 강동구 구천면로 662 1층 강남참약국","tel":"02-429-4009","open":"09:00 ~ 21:00","sido":"seoul","sigungu":"kangdong_gu"},{"name":"종로광명약국","address":"(05282) 서울특별시 강동구 구천면로 664 1층 ","tel":"02-426-0787","open":"09:00 ~ 22:00","sido":"seoul","sigungu":"kangdong_gu"},{"name":"명일로약국","address":"(05300) 서울특별시 강동구 명일로 270 ","tel":"02-488-2288","open":"09:00 ~ 19:00","sido":"seoul","sigungu":"kangdong_gu"},{"name":"강동약국","address":"(05255) 서울특별시 강동구 암사길 53 강동약국","tel":"02-427-1279","open":"09:00 ~ 21:00","sido":"seoul","sigungu":"kangdong_gu"},{"name":"강동태평양약국","address":"(05405) 서울특별시 강동구 양재대로 1343 강동태평양약국","tel":"02-473-3377","open":"09:00 ~ 22:00","sido":"seoul","sigungu":"kangdong_gu"},{"name":"시민당약국","address":"(05342) 서울특별시 강동구 양재대로 1479 ","tel":"02-476-8100","open":"08:00 ~ 22:00","sido":"seoul","sigungu":"kangdong_gu"},{"name":"강동온누리약국","address":"(05296) 서울특별시 강동구 양재대로 1570 ","tel":"02-2135-7572","open":"09:00 ~ 21:00","sido":"seoul","sigungu":"kangdong_gu"},{"name":"새실로암약국","address":"(05306) 서울특별시 강동구 양재대로 1619 (가야빌딩)","tel":"02-427-1417","open":"09:00 ~ 22:00","sido":"seoul","sigungu":"kangdong_gu"},{"name":"베네시티약국","address":"(05328) 서울특별시 강동구 올림픽로 664 342호 베네시티약국","tel":"02-420-8181","open":"09:00 ~ 22:00","sido":"seoul","sigungu":"kangdong_gu"},{"name":"강동한우리약국","address":"(05264) 서울특별시 강동구 올림픽로 778 ","tel":"02-481-3237","open":"09:00 ~ 21:00","sido":"seoul","sigungu":"kangdong_gu"},{"name":"우리들약국","address":"(05241) 서울특별시 강동구 올림픽로 781 101호 ","tel":"02-427-0012","open":"09:00 ~ 익일01:00","sido":"seoul","sigungu":"kangdong_gu"},{"name":"스타약국","address":"(05339) 서울특별시 강동구 천호대로 1087 2층 203호","tel":"02-470-7904","open":"09:00 ~ 22:00","sido":"seoul","sigungu":"kangdong_gu"},{"name":"보은약국","address":"(05335) 서울특별시 강동구 천호대로157길 30-1 보은약국","tel":"02-484-2606","open":"09:00 ~ 21:30","sido":"seoul","sigungu":"kangdong_gu"},{"name":"길동중앙약국","address":"(05351) 서울특별시 강동구 천호대로187길 49 ","tel":"02-484-7747","open":"09:00 ~ 20:00","sido":"seoul","sigungu":"kangdong_gu"},{"name":"태린약국","address":"(05236) 서울특별시 강동구 고덕로 133 513호 ","tel":"02-427-2949","open":"09:00 ~ 18:30","sido":"seoul","sigungu":"kangdong_gu"},{"name":"박선영약국","address":"(05269) 서울특별시 강동구 고덕로 254 ","tel":"02-442-6332","open":"09:00 ~ 18:00","sido":"seoul","sigungu":"kangdong_gu"},{"name":"고덕경희온누리약국","address":"(05269) 서울특별시 강동구 고덕로 256 101호 ","tel":"02-429-5885","open":"09:00 ~ 20:00","sido":"seoul","sigungu":"kangdong_gu"},{"name":"새빛약국","address":"(05269) 서울특별시 강동구 고덕로 262 121호 새빛약국","tel":"02-441-0887","open":"09:00 ~ 21:30","sido":"seoul","sigungu":"kangdong_gu"},{"name":"명일마트종로약국","address":"(05269) 서울특별시 강동구 고덕로 276 지하1층 ","tel":"02-428-7845","open":"10:00 ~ 22:00","sido":"seoul","sigungu":"kangdong_gu"},{"name":"아르테약국","address":"(05274) 서울특별시 강동구 고덕로 390 ","tel":"02-442-5110","open":"09:00 ~ 19:00","sido":"seoul","sigungu":"kangdong_gu"},{"name":"상록수약국","address":"(05251) 서울특별시 강동구 고덕로10길 53 상록수약국","tel":"02-429-7977","open":"09:00 ~ 19:00","sido":"seoul","sigungu":"kangdong_gu"},{"name":"더바른약국","address":"(05326) 서울특별시 강동구 구천면로 241 더바른약국","tel":"02-478-0852","open":"09:00 ~ 19:30","sido":"seoul","sigungu":"kangdong_gu"},{"name":"우리약국","address":"(05330) 서울특별시 강동구 구천면로 250 ","tel":"02-470-5990","open":"09:00 ~ 21:00","sido":"seoul","sigungu":"kangdong_gu"},{"name":"온누리성원약국","address":"(05325) 서울특별시 강동구 구천면로 269-1 1층","tel":"02-476-3193","open":"09:00 ~ 20:30","sido":"seoul","sigungu":"kangdong_gu"},{"name":"대자연약국","address":"(05320) 서울특별시 강동구 구천면로 291 대자연약국","tel":"02-474-7576","open":"08:30 ~ 21:30","sido":"seoul","sigungu":"kangdong_gu"},{"name":"천사약국","address":"(05320) 서울특별시 강동구 구천면로 297 이수빌딩 천사약국","tel":"02-482-8484","open":"09:00 ~ 19:00","sido":"seoul","sigungu":"kangdong_gu"},{"name":"진약국","address":"(05310) 서울특별시 강동구 구천면로 304 (천호동, 일주빌딩) ","tel":"02-486-2347","open":"09:00 ~ 18:00","sido":"seoul","sigungu":"kangdong_gu"},{"name":"강동그린약국","address":"(05309) 서울특별시 강동구 구천면로 314 ","tel":"02-470-2525","open":"09:00 ~ 19:00","sido":"seoul","sigungu":"kangdong_gu"},{"name":"나눔약국","address":"(05257) 서울특별시 강동구 구천면로 403 1층 ","tel":"02-485-9654","open":"09:00 ~ 20:00","sido":"seoul","sigungu":"kangdong_gu"},{"name":"명성그린약국","address":"(05292) 서울특별시 강동구 구천면로 424 115호 ","tel":"070-7796-6266","open":"08:30 ~ 20:00","sido":"seoul","sigungu":"kangdong_gu"},{"name":"1층천호약국","address":"(05246) 서울특별시 강동구 구천면로13길 17 703호","tel":"02-476-1178","open":"10:00 ~ 19:30","sido":"seoul","sigungu":"kangdong_gu"},{"name":"새희망약국","address":"(05269) 서울특별시 강동구 동남로 877 102호 새희망약국","tel":"02-429-4775","open":"08:30 ~ 18:30","sido":"seoul","sigungu":"kangdong_gu"},{"name":"경희일번약국","address":"(05269) 서울특별시 강동구 동남로 889 경희일번약국","tel":"02-441-2011","open":"09:00 ~ 18:00","sido":"seoul","sigungu":"kangdong_gu"},{"name":"행복한온누리약국","address":"(05269) 서울특별시 강동구 동남로73길 26 고덕복합빌딩 행복한온누리약국","tel":"02-416-8173","open":"09:00 ~ 22:00","sido":"seoul","sigungu":"kangdong_gu"},{"name":"아이파크약국","address":"(05232) 서울특별시 강동구 동남로79길 26 아이파크상가동 101호","tel":"02-481-9588","open":"09:00 ~ 20:00","sido":"seoul","sigungu":"kangdong_gu"},{"name":"온누리삼선약국","address":"(05227) 서울특별시 강동구 동남로81길 50 ","tel":"02-427-0033","open":"09:30 ~ 21:00","sido":"seoul","sigungu":"kangdong_gu"},{"name":"봄봄약국","address":"(05300) 서울특별시 강동구 명일로 248 ","tel":"02-477-4670","open":"09:00 ~ 18:30","sido":"seoul","sigungu":"kangdong_gu"},{"name":"열린약국","address":"(05320) 서울특별시 강동구 상암로 104 ","tel":"02-477-5756","open":"09:00 ~ 19:30","sido":"seoul","sigungu":"kangdong_gu"},{"name":"새아름약국","address":"(05240) 서울특별시 강동구 상암로 11 상가 101동 104호 새아름약국","tel":"02-3013-3575","open":"08:30 ~ 20:00","sido":"seoul","sigungu":"kangdong_gu"},{"name":"메디칼약국","address":"(05241) 서울특별시 강동구 상암로 31 ","tel":"02-3426-5384","open":"08:30 ~ 20:30","sido":"seoul","sigungu":"kangdong_gu"},{"name":"정언약국","address":"(05292) 서울특별시 강동구 상암로51길 46 103동 108호","tel":"02-3426-2869","open":"11:00 ~ 21:00","sido":"seoul","sigungu":"kangdong_gu"},{"name":"코코약국","address":"(05275) 서울특별시 강동구 상일로 55 ","tel":"02-441-7581","open":"09:00 ~ 18:30","sido":"seoul","sigungu":"kangdong_gu"},{"name":"리엔약국","address":"(05287) 서울특별시 강동구 상일로 74 2동상가 203호 리엔약국","tel":"02-441-9377","open":"09:00 ~ 20:00","sido":"seoul","sigungu":"kangdong_gu"},{"name":"온누리성심약국","address":"(05339) 서울특별시 강동구 성안로 147 1층 ","tel":"02-479-4335","open":"09:00 ~ 19:30","sido":"seoul","sigungu":"kangdong_gu"},{"name":"라온약국","address":"(05338) 서울특별시 강동구 성안로 155 1층 106호","tel":"02-476-1918","open":"09:00 ~ 20:30","sido":"seoul","sigungu":"kangdong_gu"},{"name":"참좋은온누리약국","address":"(05354) 서울특별시 강동구 성안로 156 ","tel":"02-478-3905","open":"08:30 ~ 19:00","sido":"seoul","sigungu":"kangdong_gu"},{"name":"참약국","address":"(05211) 서울특별시 강동구 아리수로 421 107호 참약국","tel":"02-6952-7672","open":"09:00 ~ 19:00","sido":"seoul","sigungu":"kangdong_gu"},{"name":"스타온누리약국","address":"(05229) 서울특별시 강동구 아리수로50길 50 고덕래미안힐스테이트 상가동 405호","tel":"02-427-7588","open":"09:00 ~ 19:00","sido":"seoul","sigungu":"kangdong_gu"},{"name":"드림팜약국","address":"(05211) 서울특별시 강동구 아리수로93길 27 4층 405호 ","tel":"02-441-7582","open":"09:00 ~ 18:00","sido":"seoul","sigungu":"kangdong_gu"},{"name":"강빛약국","address":"(05415) 서울특별시 강동구 아리수로93나길 26 성산타워 1층 강빛약국","tel":"02-6949-5111","open":"08:30 ~ 20:00","sido":"seoul","sigungu":"kangdong_gu"},{"name":"둔촌세계로약국","address":"(05408) 서울특별시 강동구 양재대로 1319 106호","tel":"02-471-4700","open":"09:00 ~ 19:30","sido":"seoul","sigungu":"kangdong_gu"},{"name":"둔촌온누리약국","address":"(05405) 서울특별시 강동구 양재대로 1325 둔촌메디칼센터 1층","tel":"02-473-2448","open":"09:00 ~ 19:30","sido":"seoul","sigungu":"kangdong_gu"},{"name":"파란약국","address":"(05405) 서울특별시 강동구 양재대로 1325 106호 ","tel":"02-484-2479","open":"09:00 ~ 19:30","sido":"seoul","sigungu":"kangdong_gu"},{"name":"베스트약국","address":"(05405) 서울특별시 강동구 양재대로 1325 1층 104호 베스트약국","tel":"02-474-2447","open":"09:00 ~ 19:30","sido":"seoul","sigungu":"kangdong_gu"},{"name":"매일약국","address":"(05405) 서울특별시 강동구 양재대로 1335 매일약국","tel":"02-485-1096","open":"09:00 ~ 19:00","sido":"seoul","sigungu":"kangdong_gu"},{"name":"윤약국","address":"(05404) 서울특별시 강동구 양재대로 1365 110호 ","tel":"02-487-6694","open":"09:00 ~ 20:00","sido":"seoul","sigungu":"kangdong_gu"},{"name":"동명약국","address":"(05372) 서울특별시 강동구 양재대로 1396 ","tel":"02-472-4321","open":"09:00 ~ 20:00","sido":"seoul","sigungu":"kangdong_gu"},{"name":"생생약국","address":"(05352) 서울특별시 강동구 양재대로 1458 생생약국","tel":"02-477-4832","open":"09:00 ~ 19:30","sido":"seoul","sigungu":"kangdong_gu"},{"name":"강동솔약국","address":"(05353) 서울특별시 강동구 양재대로 1473 102호","tel":"02-474-2696","open":"09:00 ~ 21:00","sido":"seoul","sigungu":"kangdong_gu"},{"name":"메디팜자연약국","address":"(05353) 서울특별시 강동구 양재대로 1477 1층","tel":"02-475-1475","open":"09:00 ~ 18:30","sido":"seoul","sigungu":"kangdong_gu"},{"name":"새가정약국","address":"(05306) 서울특별시 강동구 양재대로 1595 새가정약국","tel":"02-471-1086","open":"09:00 ~ 20:00","sido":"seoul","sigungu":"kangdong_gu"},{"name":"백제약국","address":"(05351) 서울특별시 강동구 양재대로116길 50 백제약국","tel":"02-477-7900","open":"09:00 ~ 20:00","sido":"seoul","sigungu":"kangdong_gu"},{"name":"태화약국","address":"(05315) 서울특별시 강동구 양재대로123길 9 태화약국","tel":"02-470-9859","open":"09:30 ~ 22:30","sido":"seoul","sigungu":"kangdong_gu"},{"name":"친절한오렌지약국","address":"(05296) 서울특별시 강동구 양재대로130길 10 ","tel":"02-441-1120","open":"09:00 ~ 20:00","sido":"seoul","sigungu":"kangdong_gu"},{"name":"새원약국","address":"(05296) 서울특별시 강동구 양재대로130길 11 새원약국","tel":"02-442-0107","open":"09:00 ~ 18:00","sido":"seoul","sigungu":"kangdong_gu"},{"name":"한사랑약국","address":"(05404) 서울특별시 강동구 양재대로89길 16 214호 ","tel":"02-6425-2003","open":"09:00 ~ 19:00","sido":"seoul","sigungu":"kangdong_gu"},{"name":"튼튼온누리약국","address":"(05323) 서울특별시 강동구 올림픽로 732 ","tel":"02-486-1380","open":"09:00 ~ 20:00","sido":"seoul","sigungu":"kangdong_gu"},{"name":"암사현대약국","address":"(05241) 서울특별시 강동구 올림픽로 777 1층 2호","tel":"02-481-1395","open":"08:00 ~ 21:30","sido":"seoul","sigungu":"kangdong_gu"},{"name":"옵티마기쁨약국","address":"(05241) 서울특별시 강동구 올림픽로 787 1층 102호 옵티마기쁨약국","tel":"02-442-1260","open":"09:00 ~ 20:00","sido":"seoul","sigungu":"kangdong_gu"},{"name":"메디팜신창약국","address":"(05241) 서울특별시 강동구 올림픽로 787 1층 102호 ","tel":"02-3426-2102","open":"09:00 ~ 20:30","sido":"seoul","sigungu":"kangdong_gu"},{"name":"경약국","address":"(05245) 서울특별시 강동구 올림픽로83길 18 경약국","tel":"02-482-4604","open":"09:30 ~ 19:00","sido":"seoul","sigungu":"kangdong_gu"},{"name":"월드팜약국","address":"(05365) 서울특별시 강동구 진황도로 159 ","tel":"02-474-2820","open":"09:00 ~ 21:00","sido":"seoul","sigungu":"kangdong_gu"},{"name":"준약국","address":"(05370) 서울특별시 강동구 진황도로 190 104호 준약국","tel":"02-4701-1313","open":"09:00 ~ 20:30","sido":"seoul","sigungu":"kangdong_gu"},{"name":"강동포도약국","address":"(05339) 서울특별시 강동구 진황도로 74 1층","tel":"02-423-3005","open":"08:30 ~ 19:00","sido":"seoul","sigungu":"kangdong_gu"},{"name":"정약국","address":"(05350) 서울특별시 강동구 진황도로49길 49 개명빌딩","tel":"02-473-7046","open":"09:00 ~ 22:00","sido":"seoul","sigungu":"kangdong_gu"},{"name":"정문약국","address":"(05369) 서울특별시 강동구 진황도로61길 48 정문약국","tel":"02-478-0779","open":"09:00 ~ 18:00","sido":"seoul","sigungu":"kangdong_gu"},{"name":"혜민약국","address":"(05301) 서울특별시 강동구 천중로51길 56 ","tel":"02-487-0292","open":"09:00 ~ 21:00","sido":"seoul","sigungu":"kangdong_gu"},{"name":"천호브라운스톤약국","address":"(05378) 서울특별시 강동구 천호대로 10066층 607호 ","tel":"02-475-3307","open":"09:00 ~ 19:00","sido":"seoul","sigungu":"kangdong_gu"},{"name":"태승온누리약국","address":"(05378) 서울특별시 강동구 천호대로 1012 1층","tel":"02-488-7817","open":"09:00 ~ 18:30","sido":"seoul","sigungu":"kangdong_gu"},{"name":"강동시민의약국","address":"(05378) 서울특별시 강동구 천호대로 1024 ","tel":"02-486-2662","open":"09:00 ~ 22:00","sido":"seoul","sigungu":"kangdong_gu"},{"name":"이화약국","address":"(05335) 서울특별시 강동구 천호대로 1037 세우빌딩 102호","tel":"02-484-0443","open":"09:00 ~ 21:00","sido":"seoul","sigungu":"kangdong_gu"},{"name":"편안한약국","address":"(05339) 서울특별시 강동구 천호대로 1089 강동헤르셔 복합시설동 지하1층 B20호","tel":"02-2681-1141","open":"09:00 ~ 20:00","sido":"seoul","sigungu":"kangdong_gu"},{"name":"강동웰빙약국","address":"(05373) 서울특별시 강동구 천호대로 1124 ","tel":"","open":"09:00 ~ 18:00","sido":"seoul","sigungu":"kangdong_gu"},{"name":"고려약국","address":"(05355) 서울특별시 강동구 천호대로 1125 고려약국","tel":"02-477-5257","open":"08:00 ~ 22:00","sido":"seoul","sigungu":"kangdong_gu"},{"name":"고은온누리약국","address":"(05356) 서울특별시 강동구 천호대로 1153 ","tel":"02-477-9403","open":"09:00 ~ 20:30","sido":"seoul","sigungu":"kangdong_gu"},{"name":"기쁜샘약국","address":"(05356) 서울특별시 강동구 천호대로 1163 1층","tel":"02-476-2133","open":"08:00 ~ 18:00","sido":"seoul","sigungu":"kangdong_gu"},{"name":"강동M약국","address":"(05350) 서울특별시 강동구 천호대로 1195 101호","tel":"02-472-3311","open":"10:00 ~ 19:00","sido":"seoul","sigungu":"kangdong_gu"},{"name":"메디팜미래로약국","address":"(05283) 서울특별시 강동구 천호대로 1467 ","tel":"02-426-4793","open":"09:00 ~ 21:30","sido":"seoul","sigungu":"kangdong_gu"},{"name":"동아약국","address":"(05248) 서울특별시 강동구 천호대로 997 1층 1층","tel":"02-485-4195","open":"09:00 ~ 18:30","sido":"seoul","sigungu":"kangdong_gu"},{"name":"행복나무약국","address":"(05335) 서울특별시 강동구 천호대로157길 54 행복나무약국","tel":"","open":"11:00 ~ 익일01:00","sido":"seoul","sigungu":"kangdong_gu"},{"name":"제일약국","address":"(05335) 서울특별시 강동구 천호대로159길 13 ","tel":"02-472--7170","open":"09:00 ~ 19:00","sido":"seoul","sigungu":"kangdong_gu"},{"name":"나아약국","address":"(05387) 서울특별시 강동구 천호대로162길 50 ","tel":"02-488-6241","open":"10:30 ~ 21:00","sido":"seoul","sigungu":"kangdong_gu"},{"name":"강동우리약국","address":"(05355) 서울특별시 강동구 천호대로173길 12 ","tel":"02-479-1150","open":"08:30 ~ 18:30","sido":"seoul","sigungu":"kangdong_gu"},{"name":"늘푸른약국","address":"(05404) 서울특별시 강동구 풍성로 214 102호(성내동,동양빌딩)","tel":"025765222","open":"09:00 ~ 21:00","sido":"seoul","sigungu":"kangdong_gu"},{"name":"동서온누리약국","address":"(05383) 서울특별시 강동구 풍성로37가길 39 ","tel":"02-476-6262","open":"09:00 ~ 20:00","sido":"seoul","sigungu":"kangdong_gu"},{"name":"드림약국","address":"(05377) 서울특별시 강동구 풍성로51길 3 ","tel":"02-484-5319","open":"09:00 ~ 18:00","sido":"seoul","sigungu":"kangdong_gu"}]