[{"name":"메디피아약국","address":"(06267) 서울특별시 강남구 강남대로 242 ","tel":"02-3463-1547","open":"09:00 ~ 22:00","sido":"seoul","sigungu":"kangnam_gu"},{"name":"레이첼약국","address":"(06123) 서울특별시 강남구 강남대로 470 808타워 502호","tel":"0260139151","open":"09:30 ~ 18:30","sido":"seoul","sigungu":"kangnam_gu"},{"name":"제일그랜드약국","address":"(06120) 서울특별시 강남구 강남대로 478 ","tel":"02-546-0093","open":"06:00 ~ 익일06:00","sido":"seoul","sigungu":"kangnam_gu"},{"name":"노바약국","address":"(06118) 서울특별시 강남구 강남대로118길 51 103호 노바약국","tel":"02-542-3696","open":"14:00 ~ 익일00:00","sido":"seoul","sigungu":"kangnam_gu"},{"name":"우리대치약국","address":"(06291) 서울특별시 강남구 남부순환로 2936 윈플러스상가 102호","tel":"02-569-8009","open":"08:30 ~ 21:00","sido":"seoul","sigungu":"kangnam_gu"},{"name":"생생온누리약국","address":"(06025) 서울특별시 강남구 논현로 842 압구정빌딩 1층","tel":"07088883380","open":"09:00 ~ 22:00","sido":"seoul","sigungu":"kangnam_gu"},{"name":"에메랄드약국","address":"(06039) 서울특별시 강남구 도산대로 122 1층","tel":"02-3443-0991","open":"09:00 ~ 22:30","sido":"seoul","sigungu":"kangnam_gu"},{"name":"웰그린약국","address":"(06218) 서울특별시 강남구 선릉로 311 한티빌딩 103호","tel":"02-501-1600","open":"09:00 ~ 21:00","sido":"seoul","sigungu":"kangnam_gu"},{"name":"금강약국","address":"(06001) 서울특별시 강남구 압구정로 151 ","tel":"02-544-5527","open":"09:00 ~ 20:00","sido":"seoul","sigungu":"kangnam_gu"},{"name":"압구정스타약국","address":"(06030) 서울특별시 강남구 압구정로20길 15 ","tel":"02-548-9467","open":"12:00 ~ 22:00","sido":"seoul","sigungu":"kangnam_gu"},{"name":"약사랑약국","address":"(06150) 서울특별시 강남구 테헤란로 339 1층","tel":"02-2039-9112","open":"09:00 ~ 23:00","sido":"seoul","sigungu":"kangnam_gu"},{"name":"삼성참약사약국","address":"(06168) 서울특별시 강남구 테헤란로 505 1층 삼성참약사약국","tel":"02-555-1969","open":"08:30 ~ 20:30","sido":"seoul","sigungu":"kangnam_gu"},{"name":"보리수약국","address":"(06074) 서울특별시 강남구 학동로87길 9 ","tel":"02-542-2309","open":"14:00 ~ 20:00","sido":"seoul","sigungu":"kangnam_gu"},{"name":"세곡온누리약국","address":"(06376) 서울특별시 강남구 헌릉로569길 27 2층","tel":"070-8828-7963","open":"09:00 ~ 23:00","sido":"seoul","sigungu":"kangnam_gu"},{"name":"행복한수약국","address":"(06123) 서울특별시 강남구 강남대로 446 2층","tel":"02-558-7430","open":"10:00 ~ 20:30","sido":"seoul","sigungu":"kangnam_gu"},{"name":"광성약국","address":"(06114) 서울특별시 강남구 강남대로 520 1층","tel":"02-548-7304","open":"08:00 ~ 21:00","sido":"seoul","sigungu":"kangnam_gu"},{"name":"1층엔약국","address":"(06035) 서울특별시 강남구 강남대로 624 ICT타워1층","tel":"02-382-1080","open":"08:30 ~ 19:00","sido":"seoul","sigungu":"kangnam_gu"},{"name":"새재원약국","address":"(06267) 서울특별시 강남구 강남대로44길 28 1층","tel":"02-3463-6647","open":"13:00 ~ 22:00","sido":"seoul","sigungu":"kangnam_gu"},{"name":"한마음온누리약국","address":"(06329) 서울특별시 강남구 개포로 504 106호","tel":"02-4457-5823","open":"09:00 ~ 19:00","sido":"seoul","sigungu":"kangnam_gu"},{"name":"성모약국","address":"(06330) 서울특별시 강남구 개포로 516 ","tel":"210-9921-4777","open":"07:30 ~ 19:00","sido":"seoul","sigungu":"kangnam_gu"},{"name":"삼성약국","address":"(06354) 서울특별시 강남구 광평로19길 10 까치마을아파트 상가 101호","tel":"02-451-7281","open":"09:00 ~ 21:30","sido":"seoul","sigungu":"kangnam_gu"},{"name":"메디팜우슬초약국","address":"(06354) 서울특별시 강남구 광평로31길 27 ","tel":"02-2226-6725","open":"09:30 ~ 19:00","sido":"seoul","sigungu":"kangnam_gu"},{"name":"수서약국","address":"(06368) 서울특별시 강남구 광평로56길 11 ","tel":"02-459-2293","open":"09:00 ~ 20:00","sido":"seoul","sigungu":"kangnam_gu"},{"name":"우리들약국","address":"(06267) 서울특별시 강남구 남부순환로 2615 103호","tel":"02-577-1108","open":"08:30 ~ 20:00","sido":"seoul","sigungu":"kangnam_gu"},{"name":"강남조은약국","address":"(06268) 서울특별시 강남구 남부순환로 2633 ","tel":"02-571-9515","open":"08:30 ~ 18:30","sido":"seoul","sigungu":"kangnam_gu"},{"name":"대치참약국","address":"(06280) 서울특별시 강남구 남부순환로 2927 대치클래시아 205호","tel":"02-501-5920","open":"09:00 ~ 19:00","sido":"seoul","sigungu":"kangnam_gu"},{"name":"바른약국","address":"(06280) 서울특별시 강남구 남부순환로 2927 대치클래시아 105호","tel":"02-568-6811","open":"09:00 ~ 22:30","sido":"seoul","sigungu":"kangnam_gu"},{"name":"양재소화약국","address":"(06268) 서울특별시 강남구 남부순환로363길 17 ","tel":"02-575-3766","open":"08:30 ~ 22:00","sido":"seoul","sigungu":"kangnam_gu"},{"name":"아름다운우리약국","address":"(06248) 서울특별시 강남구 논현로 327 ","tel":"02-564-7582","open":"09:00 ~ 21:00","sido":"seoul","sigungu":"kangnam_gu"},{"name":"참좋은선약국","address":"(06132) 서울특별시 강남구 논현로 507 ","tel":"02-3453-3501","open":"09:00 ~ 19:30","sido":"seoul","sigungu":"kangnam_gu"},{"name":"마리약국","address":"(06032) 서울특별시 강남구 논현로 819 ","tel":"070-8950-8548","open":"09:00 ~ 09:30","sido":"seoul","sigungu":"kangnam_gu"},{"name":"압구정프라자약국","address":"(06030) 서울특별시 강남구 논현로 857 1층","tel":"02-511-3801","open":"09:00 ~ 20:30","sido":"seoul","sigungu":"kangnam_gu"},{"name":"녹십자옵티마약국","address":"(06314) 서울특별시 강남구 논현로10길 24 (개포동)","tel":"02-576-2720","open":"09:30 ~ 20:00","sido":"seoul","sigungu":"kangnam_gu"},{"name":"강남미소약국","address":"(06223) 서울특별시 강남구 논현로86길 22 ","tel":"02-555-5640","open":"09:00 ~ 19:30","sido":"seoul","sigungu":"kangnam_gu"},{"name":"베스트약국","address":"(06208) 서울특별시 강남구 도곡로 423 101호 ","tel":"02-569-8964","open":"09:30 ~ 22:00","sido":"seoul","sigungu":"kangnam_gu"},{"name":"정일약국","address":"(06279) 서울특별시 강남구 도곡로 458 1층 정일약국","tel":"02-501-8071","open":"08:30 ~ 18:00","sido":"seoul","sigungu":"kangnam_gu"},{"name":"새생명약국","address":"(06070) 서울특별시 강남구 도산대로 522 ","tel":"02-512-3389","open":"08:30 ~ 22:00","sido":"seoul","sigungu":"kangnam_gu"},{"name":"인터팜이화약국","address":"(06048) 서울특별시 강남구 도산대로38길 11 ","tel":"02-541-5434","open":"09:00 ~ 18:00","sido":"seoul","sigungu":"kangnam_gu"},{"name":"소은약국","address":"(06055) 서울특별시 강남구 도산대로50길 9 ","tel":"02-3443-5561","open":"09:00 ~ 22:00","sido":"seoul","sigungu":"kangnam_gu"},{"name":"영지약국","address":"(06070) 서울특별시 강남구 도산대로92길 6 1층","tel":"02-547-3443","open":"09:30 ~ 21:00","sido":"seoul","sigungu":"kangnam_gu"},{"name":"세종약국","address":"(06349) 서울특별시 강남구 밤고개로1길 22 ","tel":"02-459-9464","open":"09:00 ~ 22:00","sido":"seoul","sigungu":"kangnam_gu"},{"name":"신삼성약국","address":"(06096) 서울특별시 강남구 봉은사로 465 ","tel":"02-545-2467","open":"08:30 ~ 22:00","sido":"seoul","sigungu":"kangnam_gu"},{"name":"자연애약국","address":"(06154) 서울특별시 강남구 봉은사로 474 ","tel":"02-567-8413","open":"09:00 ~ 21:00","sido":"seoul","sigungu":"kangnam_gu"},{"name":"은약국","address":"(06155) 서울특별시 강남구 삼성로 549 1층","tel":"02-557-7676","open":"09:00 ~ 21:00","sido":"seoul","sigungu":"kangnam_gu"},{"name":"새상아약국","address":"(06091) 서울특별시 강남구 삼성로 651 105호","tel":"02-546-3723","open":"09:00 ~ 20:00","sido":"seoul","sigungu":"kangnam_gu"},{"name":"아이약국","address":"(06074) 서울특별시 강남구 삼성로 712 ","tel":"02-548-7028","open":"09:00 ~ 19:00","sido":"seoul","sigungu":"kangnam_gu"},{"name":"사랑온누리약국","address":"(06169) 서울특별시 강남구 삼성로92길 27 지하1층","tel":"02-555-1130","open":"09:00 ~ 20:00","sido":"seoul","sigungu":"kangnam_gu"},{"name":"약손메디칼약국","address":"(06275) 서울특별시 강남구 선릉로 227 1층","tel":"02-529-3010","open":"09:00 ~ 19:00","sido":"seoul","sigungu":"kangnam_gu"},{"name":"팜메이트수정약국","address":"(06199) 서울특별시 강남구 선릉로 338 ","tel":"02-562-2757","open":"10:00 ~ 21:00","sido":"seoul","sigungu":"kangnam_gu"},{"name":"우주약국","address":"(06198) 서울특별시 강남구 선릉로 402 ","tel":"02-553-6885","open":"09:00 ~ 20:30","sido":"seoul","sigungu":"kangnam_gu"},{"name":"강남온누리약국","address":"(06198) 서울특별시 강남구 선릉로 406 ","tel":"02-566-6480","open":"08:00 ~ 21:00","sido":"seoul","sigungu":"kangnam_gu"},{"name":"진선약국","address":"(06198) 서울특별시 강남구 선릉로 424 1층","tel":"02-567-0429","open":"09:00 ~ 22:00","sido":"seoul","sigungu":"kangnam_gu"},{"name":"한사랑약국","address":"(06150) 서울특별시 강남구 선릉로 513 ","tel":"02-567-7850","open":"09:00 ~ 19:00","sido":"seoul","sigungu":"kangnam_gu"},{"name":"국풍당약국","address":"(06092) 서울특별시 강남구 선릉로 654 1층국풍당약국","tel":"02-540-4556","open":"08:30 ~ 20:30","sido":"seoul","sigungu":"kangnam_gu"},{"name":"건영약국","address":"(06014) 서울특별시 강남구 선릉로 806 지하1층","tel":"02-541-7378","open":"09:00 ~ 19:00","sido":"seoul","sigungu":"kangnam_gu"},{"name":"갤러리아온누리약국","address":"(06018) 서울특별시 강남구 선릉로 843 107호 ","tel":"010-5222-7504","open":"09:30 ~ 20:30","sido":"seoul","sigungu":"kangnam_gu"},{"name":"압구정약국","address":"(06018) 서울특별시 강남구 선릉로 845 ","tel":"02-543-0701","open":"09:30 ~ 21:30","sido":"seoul","sigungu":"kangnam_gu"},{"name":"가로수길약국","address":"(06028) 서울특별시 강남구 압구정로 108 ","tel":"02-518-4201","open":"09:00 ~ 19:00","sido":"seoul","sigungu":"kangnam_gu"},{"name":"옵티마약국","address":"(06030) 서울특별시 강남구 압구정로 144 (신사동, 한주빌딩 1층) ","tel":"02-516-0203","open":"09:00 ~ 21:00","sido":"seoul","sigungu":"kangnam_gu"},{"name":"더블유수약국","address":"(06017) 서울특별시 강남구 압구정로 316 1층 ","tel":"02-512-2165","open":"09:00 ~ 21:00","sido":"seoul","sigungu":"kangnam_gu"},{"name":"청담와이약국","address":"(06011) 서울특별시 강남구 압구정로 461 B104호","tel":"02-512-7262","open":"09:00 ~ 19:00","sido":"seoul","sigungu":"kangnam_gu"},{"name":"도움약국","address":"(06004) 서울특별시 강남구 압구정로29길 68 ","tel":"02-542-2333","open":"09:30 ~ 21:00","sido":"seoul","sigungu":"kangnam_gu"},{"name":"건강한 온누리약국","address":"(06023) 서울특별시 강남구 압구정로34길 11 압구정스퀘어빌딩 건강한 온누리약국","tel":"02-2268-4582","open":"09:00 ~ 19:00","sido":"seoul","sigungu":"kangnam_gu"},{"name":"유진약국","address":"(06226) 서울특별시 강남구 언주로 323 ","tel":"02-562-3923","open":"전화 확인","sido":"seoul","sigungu":"kangnam_gu"},{"name":"호원약국","address":"(06143) 서울특별시 강남구 언주로108길 15 1층","tel":"02-567-5534","open":"09:00 ~ 22:30","sido":"seoul","sigungu":"kangnam_gu"},{"name":"민생약국","address":"(06105) 서울특별시 강남구 언주로125길 6 ","tel":"02-547-7903","open":"09:00 ~ 21:30","sido":"seoul","sigungu":"kangnam_gu"},{"name":"서이약국","address":"(06292) 서울특별시 강남구 언주로30길 39 ","tel":"--","open":"09:00 ~ 20:30","sido":"seoul","sigungu":"kangnam_gu"},{"name":"한솔인유로온누리약국","address":"(06217) 서울특별시 강남구 역삼로 310 한솔필리아 2층 25호","tel":"02-3453-8171","open":"09:00 ~ 20:00","sido":"seoul","sigungu":"kangnam_gu"},{"name":"서울온누리약국","address":"(06196) 서울특별시 강남구 역삼로77길 23 ","tel":"02-501-5063","open":"09:00 ~ 19:30","sido":"seoul","sigungu":"kangnam_gu"},{"name":"부활약국","address":"(06082) 서울특별시 강남구 영동대로112길 15 103호","tel":"02-3445-3278","open":"09:00 ~ 21:00","sido":"seoul","sigungu":"kangnam_gu"},{"name":"샘터약국","address":"(06356) 서울특별시 강남구 일원로 120 ","tel":"02-2226-0920","open":"09:00 ~ 20:30","sido":"seoul","sigungu":"kangnam_gu"},{"name":"두리약국","address":"(06343) 서울특별시 강남구 일원로 35 남경빌딩 1층","tel":"02-445-3188","open":"09:00 ~ 19:00","sido":"seoul","sigungu":"kangnam_gu"},{"name":"천사약국","address":"(06351) 서울특별시 강남구 일원로 95 ","tel":"02-459-3702","open":"08:30 ~ 20:30","sido":"seoul","sigungu":"kangnam_gu"},{"name":"일원역약국","address":"(06355) 서울특별시 강남구 일원로 지하 121 ","tel":"02-451-8233","open":"09:00 ~ 18:30","sido":"seoul","sigungu":"kangnam_gu"},{"name":"이층n약국","address":"(06372) 서울특별시 강남구 자곡로 201 ","tel":"02-2226-2212","open":"09:00 ~ 18:30","sido":"seoul","sigungu":"kangnam_gu"},{"name":"제이약국","address":"(06134) 서울특별시 강남구 테헤란로 101 ","tel":"02-566-1259","open":"09:00 ~ 22:00","sido":"seoul","sigungu":"kangnam_gu"},{"name":"라라약국","address":"(06133) 서울특별시 강남구 테헤란로 125 지하1층","tel":"070-7705-7337","open":"10:00 ~ 21:00","sido":"seoul","sigungu":"kangnam_gu"},{"name":"온누리해림약국","address":"(06236) 서울특별시 강남구 테헤란로 152 지하2층 6-A3호","tel":"02-2112-2911","open":"08:30 ~ 20:30","sido":"seoul","sigungu":"kangnam_gu"},{"name":"샘약국","address":"(06211) 서울특별시 강남구 테헤란로 322 1층","tel":"02-558-3347","open":"09:00 ~ 22:00","sido":"seoul","sigungu":"kangnam_gu"},{"name":"온누리타워약국","address":"(06181) 서울특별시 강남구 테헤란로 534 ","tel":"02-562-1840","open":"09:00 ~ 19:30","sido":"seoul","sigungu":"kangnam_gu"},{"name":"소망약국","address":"(06169) 서울특별시 강남구 테헤란로87길 13 ","tel":"02-555-6806","open":"09:00 ~ 20:00","sido":"seoul","sigungu":"kangnam_gu"},{"name":"소망약국","address":"(06169) 서울특별시 강남구 테헤란로87길 13 ","tel":"02-555-6806","open":"09:00 ~ 20:00","sido":"seoul","sigungu":"kangnam_gu"},{"name":"청담명약국","address":"(06074) 서울특별시 강남구 학동로 501 5층","tel":"02-512-0556","open":"08:00 ~ 19:00","sido":"seoul","sigungu":"kangnam_gu"},{"name":"새휘정약국","address":"(06077) 서울특별시 강남구 학동로101길 26 상가 102호","tel":"02-542-1910","open":"09:00 ~ 22:00","sido":"seoul","sigungu":"kangnam_gu"},{"name":"갤러리약국","address":"(06115) 서울특별시 강남구 학동로20길 55 106호 ","tel":"02-6227-5578","open":"09:00 ~ 22:30","sido":"seoul","sigungu":"kangnam_gu"},{"name":"강남복지약국","address":"(06110) 서울특별시 강남구 학동로4길 8 ","tel":"02-2698-3459","open":"09:00 ~ 19:00","sido":"seoul","sigungu":"kangnam_gu"}]