[{"name":"아름다운약국","address":"(04202) 서울특별시 마포구 마포대로24길 56 ","tel":"02-3147-0433","open":"08:30 ~ 22:00","sido":"seoul","sigungu":"mapo_gu"},{"name":"W-store연세약국","address":"(04058) 서울특별시 마포구 신촌로 92 1층 W-store연세약국","tel":"02-3141-4358","open":"09:00 ~ 21:00","sido":"seoul","sigungu":"mapo_gu"},{"name":"천사약국","address":"(04046) 서울특별시 마포구 양화로 48 1층 천사약국","tel":"02-332-8008","open":"08:00 ~ 22:00","sido":"seoul","sigungu":"mapo_gu"},{"name":"피크약국","address":"(04037) 서울특별시 마포구 양화로 61 두암빌딩1층","tel":"02-3143-6191","open":"09:00 ~ 19:30","sido":"seoul","sigungu":"mapo_gu"},{"name":"비온뒤숲속약국","address":"(03963) 서울특별시 마포구 월드컵로 111 풍성빌딩105호","tel":"010-3033-0135","open":"09:00 ~ 익일01:00","sido":"seoul","sigungu":"mapo_gu"},{"name":"수려한약국","address":"(03966) 서울특별시 마포구 월드컵북로 137 151 306-1704 1층 102호","tel":"02-325-8487","open":"08:30 ~ 20:30","sido":"seoul","sigungu":"mapo_gu"},{"name":"다나약국","address":"(04112) 서울특별시 마포구 대흥로 186-2 (대흥동) 1층","tel":"02-715-3133","open":"09:00 ~ 22:00","sido":"seoul","sigungu":"mapo_gu"},{"name":"대흥약국","address":"(04112) 서울특별시 마포구 대흥로 192-1 1층","tel":"02-715-3959","open":"09:00 ~ 21:00","sido":"seoul","sigungu":"mapo_gu"},{"name":"마프자서울약국","address":"(04124) 서울특별시 마포구 대흥로24길 24 마포프레스자이상가 2층 206호","tel":"027113119","open":"09:00 ~ 19:00","sido":"seoul","sigungu":"mapo_gu"},{"name":"유진온누리약국","address":"(04180) 서울특별시 마포구 도화4길 73 아파트상가 104호 ","tel":"02-702-1210","open":"09:00 ~ 20:30","sido":"seoul","sigungu":"mapo_gu"},{"name":"대교약국","address":"(04173) 서울특별시 마포구 도화길 10 에벤에셀 1층","tel":"02-714-5849","open":"08:30 ~ 21:00","sido":"seoul","sigungu":"mapo_gu"},{"name":"하늘약국","address":"(04071) 서울특별시 마포구 독막로 2 2층","tel":"02-322-2365","open":"09:00 ~ 19:00","sido":"seoul","sigungu":"mapo_gu"},{"name":"정아약국","address":"(04047) 서울특별시 마포구 독막로 43 ","tel":"02-336-0486","open":"09:00 ~ 21:00","sido":"seoul","sigungu":"mapo_gu"},{"name":"선진약국","address":"(04078) 서울특별시 마포구 독막로20길 53 1층","tel":"02-334-5437","open":"09:00 ~ 21:00","sido":"seoul","sigungu":"mapo_gu"},{"name":"마리약국","address":"(04146) 서울특별시 마포구 마포대로 109 3층 ","tel":"02-6009-1166","open":"09:00 ~ 20:30","sido":"seoul","sigungu":"mapo_gu"},{"name":"세명약국","address":"(04144) 서울특별시 마포구 마포대로 127 214호 214호","tel":"02-715-6290","open":"09:00 ~ 19:00","sido":"seoul","sigungu":"mapo_gu"},{"name":"이화키즈팜약국","address":"(04129) 서울특별시 마포구 마포대로 195 4-219호 ","tel":"02-312-3125","open":"08:30 ~ 20:00","sido":"seoul","sigungu":"mapo_gu"},{"name":"애오개약국","address":"(04206) 서울특별시 마포구 마포대로 204 103호","tel":"02-365-0075","open":"09:00 ~ 21:00","sido":"seoul","sigungu":"mapo_gu"},{"name":"건우약국","address":"(04117) 서울특별시 마포구 마포대로 205 ","tel":"02-364-4520","open":"09:00 ~ 22:00","sido":"seoul","sigungu":"mapo_gu"},{"name":"청춘약국","address":"(04167) 서울특별시 마포구 마포대로 25 103호","tel":"02-3272-3333","open":"09:00 ~ 20:00","sido":"seoul","sigungu":"mapo_gu"},{"name":"아카데미약국","address":"(04168) 서울특별시 마포구 마포대로 52 206호 ","tel":"02-717-2388","open":"09:00 ~ 19:00","sido":"seoul","sigungu":"mapo_gu"},{"name":"정약국","address":"(04168) 서울특별시 마포구 마포대로 68 마포아크로타워 1층 112호","tel":"02-706-4730","open":"09:00 ~ 19:30","sido":"seoul","sigungu":"mapo_gu"},{"name":"햇빛약국","address":"(04168) 서울특별시 마포구 마포대로 68 408","tel":"02-711-5982","open":"09:00 ~ 19:30","sido":"seoul","sigungu":"mapo_gu"},{"name":"허브약국","address":"(04157) 서울특별시 마포구 마포대로 73 104호 ","tel":"02-2130-3030","open":"08:30 ~ 19:00","sido":"seoul","sigungu":"mapo_gu"},{"name":"한우리약국","address":"(03964) 서울특별시 마포구 망원로 73 1층","tel":"02-3142-6796","open":"09:00 ~ 21:00","sido":"seoul","sigungu":"mapo_gu"},{"name":"환도약국","address":"(03956) 서울특별시 마포구 방울내로 41 1층","tel":"02-3144-7237","open":"09:00 ~ 21:00","sido":"seoul","sigungu":"mapo_gu"},{"name":"나무약국","address":"(04196) 서울특별시 마포구 백범로 202 101호","tel":"02-701-7595","open":"09:00 ~ 21:00","sido":"seoul","sigungu":"mapo_gu"},{"name":"마포웰츠약국","address":"(04196) 서울특별시 마포구 백범로 202 마포KCC웰츠타워 201호","tel":"02-715-6034","open":"09:00 ~ 20:00","sido":"seoul","sigungu":"mapo_gu"},{"name":"우정옵티마약국","address":"(04100) 서울특별시 마포구 백범로 4 1층","tel":"02-6012-8600","open":"09:00 ~ 21:00","sido":"seoul","sigungu":"mapo_gu"},{"name":"연세한우리약국","address":"(04094) 서울특별시 마포구 서강로 106 연세한우리약국 ","tel":"02-702-6374","open":"09:00 ~ 19:30","sido":"seoul","sigungu":"mapo_gu"},{"name":"연세프라자약국","address":"(04064) 서울특별시 마포구 서강로 97 ","tel":"02-323-2995","open":"09:00 ~ 19:00","sido":"seoul","sigungu":"mapo_gu"},{"name":"연세약국","address":"(03998) 서울특별시 마포구 성미산로10길 44 1층","tel":"02-324-2148","open":"09:00 ~ 21:00","sido":"seoul","sigungu":"mapo_gu"},{"name":"소담약국","address":"(03929) 서울특별시 마포구 성암로 179 한샘상암본사1층","tel":"02-304-0779","open":"08:30 ~ 19:00","sido":"seoul","sigungu":"mapo_gu"},{"name":"신일약국","address":"(04199) 서울특별시 마포구 손기정로 54 ","tel":"02-312-1741","open":"09:30 ~ 22:00","sido":"seoul","sigungu":"mapo_gu"},{"name":"용약국","address":"(04101) 서울특별시 마포구 신촌로 102-1 1층 ","tel":"02-701-7705","open":"08:30 ~ 21:00","sido":"seoul","sigungu":"mapo_gu"},{"name":"대흥온누리약국","address":"(04104) 서울특별시 마포구 신촌로 160 이대역 서희스타힐스 106호","tel":"02-716-7582","open":"09:00 ~ 19:00","sido":"seoul","sigungu":"mapo_gu"},{"name":"프라자약국","address":"(04115) 서울특별시 마포구 신촌로 238 ","tel":"02-365-5569","open":"08:00 ~ 20:30","sido":"seoul","sigungu":"mapo_gu"},{"name":"보천약국","address":"(04116) 서울특별시 마포구 신촌로 266-1 ","tel":"02-313-2190","open":"09:00 ~ 19:00","sido":"seoul","sigungu":"mapo_gu"},{"name":"이지약국","address":"(04050) 서울특별시 마포구 양화로 152 ","tel":"02-336-1957","open":"09:00 ~ 20:00","sido":"seoul","sigungu":"mapo_gu"},{"name":"파마트LG약국","address":"(04050) 서울특별시 마포구 양화로 156 116호 1층 116호","tel":"02-326-1678","open":"09:00 ~ 21:00","sido":"seoul","sigungu":"mapo_gu"},{"name":"셀약국","address":"(04044) 서울특별시 마포구 양화로 72 효성해링턴 118호","tel":"02-337-7959","open":"09:00 ~ 익일01:00","sido":"seoul","sigungu":"mapo_gu"},{"name":"참사랑이화약국","address":"(03976) 서울특별시 마포구 연남로 52 코오롱A상가 B동 117호","tel":"02-6358-5865","open":"09:00 ~ 19:30","sido":"seoul","sigungu":"mapo_gu"},{"name":"현정약국","address":"(03982) 서울특별시 마포구 연희로 37 1층","tel":"02-334-2552","open":"09:00 ~ 21:30","sido":"seoul","sigungu":"mapo_gu"},{"name":"이화약국","address":"(03970) 서울특별시 마포구 월드컵로 126 ","tel":"02-892-1767","open":"09:00 ~ 20:30","sido":"seoul","sigungu":"mapo_gu"},{"name":"메디컬성모약국","address":"(04013) 서울특별시 마포구 월드컵로 73 1층","tel":"02-322-7707","open":"09:00 ~ 19:00","sido":"seoul","sigungu":"mapo_gu"},{"name":"구심당약국","address":"(03964) 서울특별시 마포구 월드컵로25길 58 1층","tel":"02-325-7188","open":"09:00 ~ 19:00","sido":"seoul","sigungu":"mapo_gu"},{"name":"온누리약국","address":"(03972) 서울특별시 마포구 월드컵북로 126 ","tel":"02-322-3450","open":"09:00 ~ 21:00","sido":"seoul","sigungu":"mapo_gu"},{"name":"지선약국","address":"(03947) 서울특별시 마포구 월드컵북로 185 ","tel":"02-376-2534","open":"10:00 ~ 21:00","sido":"seoul","sigungu":"mapo_gu"},{"name":"중원약국","address":"(03946) 서울특별시 마포구 월드컵북로 190 ","tel":"02-374-3326","open":"10:30 ~ 21:30","sido":"seoul","sigungu":"mapo_gu"},{"name":"은약국","address":"(03941) 서울특별시 마포구 월드컵북로 224 청화상가 302호","tel":"02-304-2011","open":"08:00 ~ 19:00","sido":"seoul","sigungu":"mapo_gu"},{"name":"사랑이가득한약국","address":"(03941) 서울특별시 마포구 월드컵북로 224 2층 2층","tel":"02-303-3289","open":"08:00 ~ 18:00","sido":"seoul","sigungu":"mapo_gu"},{"name":"강원약국","address":"(04001) 서울특별시 마포구 월드컵북로 25 ","tel":"02-323-2936","open":"08:30 ~ 18:30","sido":"seoul","sigungu":"mapo_gu"},{"name":"DMC하늘약국","address":"(03908) 서울특별시 마포구 월드컵북로 361 3-302 ","tel":"02-483-1457","open":"09:00 ~ 19:30","sido":"seoul","sigungu":"mapo_gu"},{"name":"예진약국","address":"(03925) 서울특별시 마포구 월드컵북로 402 3층 321호 ","tel":"02-6393-8655","open":"09:00 ~ 19:00","sido":"seoul","sigungu":"mapo_gu"},{"name":"명치약국","address":"(04190) 서울특별시 마포구 임정로15길 10 ","tel":"02-712-1678","open":"09:00 ~ 21:00","sido":"seoul","sigungu":"mapo_gu"},{"name":"즐거운약국","address":"(04154) 서울특별시 마포구 큰우물로 53 ","tel":"02-714-7588","open":"09:00 ~ 19:00","sido":"seoul","sigungu":"mapo_gu"},{"name":"상수약국","address":"(04158) 서울특별시 마포구 큰우물로 75 C-4 ","tel":"02-336-8271","open":"09:00 ~ 18:00","sido":"seoul","sigungu":"mapo_gu"},{"name":"오즈약국","address":"(04166) 서울특별시 마포구 토정로31길 24 e편한세상마포3차상가 B117호","tel":"02-716-0254","open":"08:30 ~ 20:00","sido":"seoul","sigungu":"mapo_gu"},{"name":"토정약국","address":"(04164) 서울특별시 마포구 토정로32길 13 ","tel":"02-3272-0608","open":"09:00 ~ 21:00","sido":"seoul","sigungu":"mapo_gu"},{"name":"샘터약국","address":"(04183) 서울특별시 마포구 효창원로97길 10 ","tel":"017-18-3011","open":"08:30 ~ 22:00","sido":"seoul","sigungu":"mapo_gu"}]