[{"name":"방배대한약국","address":"(06568) 서울특별시 서초구 동작대로 118 107호 ","tel":"02-596-1776","open":"09:00 ~ 21:30","sido":"seoul","sigungu":"seocho_gu"},{"name":"서초제일약국","address":"(06683) 서울특별시 서초구 방배로 111 ","tel":"02-583-7170","open":"09:00 ~ 21:30","sido":"seoul","sigungu":"seocho_gu"},{"name":"하이팜약국","address":"(06627) 서울특별시 서초구 사임당로 178 이즈타워 102호","tel":"02-568-1417","open":"09:00 ~ 20:30","sido":"seoul","sigungu":"seocho_gu"},{"name":"장수알파약국","address":"(06643) 서울특별시 서초구 서초중앙로 38 1층 장수알파약국","tel":"02-3487-4233","open":"09:00 ~ 익일01:00","sido":"seoul","sigungu":"seocho_gu"},{"name":"굿모닝약국","address":"(06546) 서울특별시 서초구 신반포로 176 1층 ","tel":"02-6282-1213","open":"09:00 ~ 21:00","sido":"seoul","sigungu":"seocho_gu"},{"name":"고연뿌리약국","address":"(06545) 서울특별시 서초구 신반포로 지하 188 지하1층","tel":"02-534-7500","open":"09:00 ~ 21:00","sido":"seoul","sigungu":"seocho_gu"},{"name":"기린약국","address":"(06544) 서울특별시 서초구 잠원로 24 1층 ","tel":"010-5319-7241","open":"09:00 ~ 익일01:00","sido":"seoul","sigungu":"seocho_gu"},{"name":"킴스약국","address":"(06511) 서울특별시 서초구 잠원로 69 1층 ","tel":"02-537-5716","open":"09:30 ~ 20:30","sido":"seoul","sigungu":"seocho_gu"},{"name":"약사랑약국","address":"(06749) 서울특별시 서초구 강남대로 221 3층","tel":"02-573-1205","open":"09:30 ~ 20:00","sido":"seoul","sigungu":"seocho_gu"},{"name":"퍼스트케어약국","address":"(06620) 서울특별시 서초구 강남대로 381 3층 304호","tel":"02-597-8979","open":"09:30 ~ 19:00","sido":"seoul","sigungu":"seocho_gu"},{"name":"영약국","address":"(06614) 서울특별시 서초구 강남대로 415 4층","tel":"02-533-3321","open":"09:30 ~ 21:00","sido":"seoul","sigungu":"seocho_gu"},{"name":"메디안약국","address":"(06611) 서울특별시 서초구 강남대로 455 305호","tel":"02-533-1595","open":"10:00 ~ 20:00","sido":"seoul","sigungu":"seocho_gu"},{"name":"강남약국","address":"(06611) 서울특별시 서초구 강남대로 463 지하1층 102호 ","tel":"070-7755-2030","open":"09:30 ~ 21:00","sido":"seoul","sigungu":"seocho_gu"},{"name":"가온약국","address":"(06611) 서울특별시 서초구 강남대로 465 1층","tel":"02-533-1884","open":"10:00 ~ 19:00","sido":"seoul","sigungu":"seocho_gu"},{"name":"메디칼허브약국","address":"(06524) 서울특별시 서초구 강남대로 615 1층","tel":"02-540-5001","open":"08:30 ~ 22:30","sido":"seoul","sigungu":"seocho_gu"},{"name":"민들레약국","address":"(06745) 서울특별시 서초구 강남대로30길 58 ","tel":"02-575-1233","open":"09:00 ~ 21:00","sido":"seoul","sigungu":"seocho_gu"},{"name":"이든약국","address":"(06738) 서울특별시 서초구 남부순환로 2636 103호 ","tel":"02-575-6738","open":"10:30 ~ 19:00","sido":"seoul","sigungu":"seocho_gu"},{"name":"서광약국","address":"(06709) 서울특별시 서초구 남부순환로315길 104 1층","tel":"02-585-6835","open":"09:00 ~ 21:30","sido":"seoul","sigungu":"seocho_gu"},{"name":"십자당약국","address":"(06725) 서울특별시 서초구 남부순환로339길 53 수보빌딩 1층 1층","tel":"02-583-9482","open":"08:00 ~ 21:00","sido":"seoul","sigungu":"seocho_gu"},{"name":"해맑은약국","address":"(06736) 서울특별시 서초구 남부순환로350길 4 2층","tel":"02-579-7715","open":"09:00 ~ 19:00","sido":"seoul","sigungu":"seocho_gu"},{"name":"이오당약국","address":"(06786) 서울특별시 서초구 동산로6길 38 ","tel":"02-577-1711","open":"09:30 ~ 22:00","sido":"seoul","sigungu":"seocho_gu"},{"name":"세명약국","address":"(06568) 서울특별시 서초구 동작대로 114 유문빌딩 1층 1호","tel":"02-532-3311","open":"09:00 ~ 21:00","sido":"seoul","sigungu":"seocho_gu"},{"name":"초록약국","address":"(06762) 서울특별시 서초구 바우뫼로7길 8 501호 ","tel":"02-576-3647","open":"09:00 ~ 18:00","sido":"seoul","sigungu":"seocho_gu"},{"name":"늘푸른약국","address":"(06647) 서울특별시 서초구 반포대로 114 SR타워 지하102호","tel":"02-597-4425","open":"09:00 ~ 18:00","sido":"seoul","sigungu":"seocho_gu"},{"name":"조달약국","address":"(06578) 서울특별시 서초구 반포대로 235 반포효성빌딩 지하1층","tel":"02-3476-1779","open":"08:30 ~ 18:30","sido":"seoul","sigungu":"seocho_gu"},{"name":"3층 한사랑약국","address":"(06547) 서울특별시 서초구 반포대로 287 311호 ","tel":"02-592-5775","open":"09:00 ~ 18:30","sido":"seoul","sigungu":"seocho_gu"},{"name":"바른온누리약국","address":"(06665) 서울특별시 서초구 방배로 108 ","tel":"070-8808-3000","open":"09:00 ~ 21:00","sido":"seoul","sigungu":"seocho_gu"},{"name":"뿌리약국","address":"(06572) 서울특별시 서초구 방배로 177 ","tel":"02-3482-7280","open":"09:00 ~ 19:00","sido":"seoul","sigungu":"seocho_gu"},{"name":"온새미온누리약국","address":"(06561) 서울특별시 서초구 방배로 223 1층 1호","tel":"02-532-7185","open":"08:30 ~ 07:30","sido":"seoul","sigungu":"seocho_gu"},{"name":"성지약국","address":"(06574) 서울특별시 서초구 방배로 270 103호","tel":"02-537-1086","open":"10:30 ~ 20:00","sido":"seoul","sigungu":"seocho_gu"},{"name":"정은약국","address":"(06561) 서울특별시 서초구 방배중앙로 140 ","tel":"02-534-6641","open":"09:00 ~ 20:00","sido":"seoul","sigungu":"seocho_gu"},{"name":"시스템약국","address":"(06558) 서울특별시 서초구 방배중앙로23길 1 1층","tel":"02-3476-5501","open":"09:00 ~ 21:00","sido":"seoul","sigungu":"seocho_gu"},{"name":"방배프라자 약국","address":"(06554) 서울특별시 서초구 방배중앙로29길 3 ","tel":"02-591-3174","open":"10:00 ~ 18:30","sido":"seoul","sigungu":"seocho_gu"},{"name":"더블유스토어하이약국","address":"(06650) 서울특별시 서초구 사임당로 39 1층","tel":"070-4117-8275","open":"09:00 ~ 20:30","sido":"seoul","sigungu":"seocho_gu"},{"name":"위드팜수약국","address":"(06545) 서울특별시 서초구 사평대로 205 비피4-1 A호","tel":"02-599-3909","open":"08:30 ~ 18:30","sido":"seoul","sigungu":"seocho_gu"},{"name":"아란약국","address":"(06609) 서울특별시 서초구 서운로 216 2층","tel":"02-537-9358","open":"09:30 ~ 18:30","sido":"seoul","sigungu":"seocho_gu"},{"name":"홈케어방배약국","address":"(06675) 서울특별시 서초구 서초대로 24 1층","tel":"02-585-7270","open":"09:30 ~ 21:00","sido":"seoul","sigungu":"seocho_gu"},{"name":"사랑손약국","address":"(06655) 서울특별시 서초구 서초대로38길 12 마제스타시티 타워원 103호","tel":"02-6411-1188","open":"08:00 ~ 13:30","sido":"seoul","sigungu":"seocho_gu"},{"name":"다보약국","address":"(06657) 서울특별시 서초구 서초대로40길 77 101호","tel":"02-525-3955","open":"09:00 ~ 20:30","sido":"seoul","sigungu":"seocho_gu"},{"name":"펜타약국","address":"(06626) 서울특별시 서초구 서초대로78길 48 ","tel":"070-7782-8284","open":"09:30 ~ 19:30","sido":"seoul","sigungu":"seocho_gu"},{"name":"세진약국","address":"(06644) 서울특별시 서초구 서초중앙로 125 105호 ","tel":"02-533-3528","open":"09:00 ~ 19:00","sido":"seoul","sigungu":"seocho_gu"},{"name":"바로이약국","address":"(06599) 서울특별시 서초구 서초중앙로 230 105호 동화반포프라자","tel":"02-591-2788","open":"09:30 ~ 20:00","sido":"seoul","sigungu":"seocho_gu"},{"name":"샘터약국","address":"(06599) 서울특별시 서초구 서초중앙로 230 101호 ","tel":"02-591-1112","open":"09:00 ~ 21:00","sido":"seoul","sigungu":"seocho_gu"},{"name":"소망약국","address":"(06643) 서울특별시 서초구 서초중앙로 42 지하110호","tel":"02-598-6335","open":"09:00 ~ 18:00","sido":"seoul","sigungu":"seocho_gu"},{"name":"드림약국","address":"(06634) 서울특별시 서초구 서초중앙로22길 8 ","tel":"02-522-5776","open":"09:30 ~ 21:30","sido":"seoul","sigungu":"seocho_gu"},{"name":"평강약국","address":"(06603) 서울특별시 서초구 서초중앙로24길 55 ","tel":"070-7458-0303","open":"09:00 ~ 18:30","sido":"seoul","sigungu":"seocho_gu"},{"name":"한샘약국","address":"(06512) 서울특별시 서초구 신반포로 205 1층 5호 ","tel":"02-534-8613","open":"09:00 ~ 20:00","sido":"seoul","sigungu":"seocho_gu"},{"name":"아주약국","address":"(06548) 서울특별시 서초구 신반포로 22 H-33 ","tel":"02-599-0303","open":"09:00 ~ 22:00","sido":"seoul","sigungu":"seocho_gu"},{"name":"한성약국","address":"(06523) 서울특별시 서초구 신반포로 257 뉴타운빌딩 지하1층","tel":"02-537-1840","open":"08:30 ~ 21:00","sido":"seoul","sigungu":"seocho_gu"},{"name":"은혜약국","address":"(06502) 서울특별시 서초구 신반포로 41 K-1 ","tel":"02-533-9939","open":"09:00 ~ 20:30","sido":"seoul","sigungu":"seocho_gu"},{"name":"다솜약국","address":"(06502) 서울특별시 서초구 신반포로 41 k동 12호 ","tel":"02-596-0693","open":"09:00 ~ 18:00","sido":"seoul","sigungu":"seocho_gu"},{"name":"파스텔약국","address":"(06521) 서울특별시 서초구 신반포로33길 27 1층","tel":"02-537-6787","open":"09:00 ~ 19:00","sido":"seoul","sigungu":"seocho_gu"},{"name":"숲약국","address":"(06518) 서울특별시 서초구 잠원로 148 107호(잠원연합상가)","tel":"02-593-4958","open":"09:00 ~ 20:00","sido":"seoul","sigungu":"seocho_gu"},{"name":"자이프라자약국","address":"(06544) 서울특별시 서초구 잠원로 24 자이프라자상가 125","tel":"02-532-5222","open":"09:00 ~ 20:00","sido":"seoul","sigungu":"seocho_gu"},{"name":"반포자이 중앙약국","address":"(06544) 서울특별시 서초구 잠원로 24 408호 ","tel":"02-535-9090","open":"09:00 ~ 19:00","sido":"seoul","sigungu":"seocho_gu"},{"name":"연두약국","address":"(06764) 서울특별시 서초구 태봉로 70 110호","tel":"02-576-1097","open":"08:30 ~ 19:30","sido":"seoul","sigungu":"seocho_gu"},{"name":"내곡숲약국","address":"(06800) 서울특별시 서초구 헌릉로 176 지하1층","tel":"02-575-0119","open":"09:30 ~ 20:00","sido":"seoul","sigungu":"seocho_gu"},{"name":"다나약국","address":"(06671) 서울특별시 서초구 효령로 229 1층","tel":"02-597-3514","open":"08:30 ~ 22:30","sido":"seoul","sigungu":"seocho_gu"},{"name":"코앞약국","address":"(06727) 서울특별시 서초구 효령로 406 ","tel":"02-523-1440","open":"09:00 ~ 20:00","sido":"seoul","sigungu":"seocho_gu"},{"name":"메디팜 유일약국","address":"(06709) 서울특별시 서초구 효령로46길 14 ","tel":"02-585-2260","open":"09:00 ~ 20:00","sido":"seoul","sigungu":"seocho_gu"},{"name":"자연약국","address":"(06721) 서울특별시 서초구 효령로68길 114 1층","tel":"02-582-5717","open":"09:30 ~ 21:30","sido":"seoul","sigungu":"seocho_gu"}]