[{"name":"아름다운약국","addr":"(04202) 서울특별시 마포구 마포대로24길 56 ","tel":"02-3147-0433","time":"08:30 ~ 22:00","sido":"seoul","sigungu":"mapo_gu"},{"name":"W-store연세약국","addr":"(04058) 서울특별시 마포구 신촌로 92 1층 W-store연세약국","tel":"02-3141-4358","time":"09:00 ~ 21:00","sido":"seoul","sigungu":"mapo_gu"},{"name":"천사약국","addr":"(04046) 서울특별시 마포구 양화로 48 1층 천사약국","tel":"02-332-8008","time":"08:00 ~ 22:00","sido":"seoul","sigungu":"mapo_gu"},{"name":"피크약국","addr":"(04037) 서울특별시 마포구 양화로 61 두암빌딩1층","tel":"02-3143-6191","time":"09:00 ~ 19:30","sido":"seoul","sigungu":"mapo_gu"},{"name":"비온뒤숲속약국","addr":"(03963) 서울특별시 마포구 월드컵로 111 풍성빌딩105호","tel":"010-3033-0135","time":"09:00 ~ 익일01:00","sido":"seoul","sigungu":"mapo_gu"},{"name":"수려한약국","addr":"(03966) 서울특별시 마포구 월드컵북로 137 151 306-1704 1층 102호","tel":"02-325-8487","time":"08:30 ~ 20:30","sido":"seoul","sigungu":"mapo_gu"},{"name":"다나약국","addr":"(04112) 서울특별시 마포구 대흥로 186-2 (대흥동) 1층","tel":"02-715-3133","time":"09:00 ~ 22:00","sido":"seoul","sigungu":"mapo_gu"},{"name":"대흥약국","addr":"(04112) 서울특별시 마포구 대흥로 192-1 1층","tel":"02-715-3959","time":"09:00 ~ 21:00","sido":"seoul","sigungu":"mapo_gu"},{"name":"마프자서울약국","addr":"(04124) 서울특별시 마포구 대흥로24길 24 마포프레스자이상가 2층 206호","tel":"027113119","time":"09:00 ~ 19:00","sido":"seoul","sigungu":"mapo_gu"},{"name":"유진온누리약국","addr":"(04180) 서울특별시 마포구 도화4길 73 아파트상가 104호 ","tel":"02-702-1210","time":"09:00 ~ 20:30","sido":"seoul","sigungu":"mapo_gu"},{"name":"대교약국","addr":"(04173) 서울특별시 마포구 도화길 10 에벤에셀 1층","tel":"02-714-5849","time":"08:30 ~ 21:00","sido":"seoul","sigungu":"mapo_gu"},{"name":"하늘약국","addr":"(04071) 서울특별시 마포구 독막로 2 2층","tel":"02-322-2365","time":"09:00 ~ 19:00","sido":"seoul","sigungu":"mapo_gu"},{"name":"정아약국","addr":"(04047) 서울특별시 마포구 독막로 43 ","tel":"02-336-0486","time":"09:00 ~ 21:00","sido":"seoul","sigungu":"mapo_gu"},{"name":"선진약국","addr":"(04078) 서울특별시 마포구 독막로20길 53 1층","tel":"02-334-5437","time":"09:00 ~ 21:00","sido":"seoul","sigungu":"mapo_gu"},{"name":"마리약국","addr":"(04146) 서울특별시 마포구 마포대로 109 3층 ","tel":"02-6009-1166","time":"09:00 ~ 20:30","sido":"seoul","sigungu":"mapo_gu"},{"name":"세명약국","addr":"(04144) 서울특별시 마포구 마포대로 127 214호 214호","tel":"02-715-6290","time":"09:00 ~ 19:00","sido":"seoul","sigungu":"mapo_gu"},{"name":"이화키즈팜약국","addr":"(04129) 서울특별시 마포구 마포대로 195 4-219호 ","tel":"02-312-3125","time":"08:30 ~ 20:00","sido":"seoul","sigungu":"mapo_gu"},{"name":"애오개약국","addr":"(04206) 서울특별시 마포구 마포대로 204 103호","tel":"02-365-0075","time":"09:00 ~ 21:00","sido":"seoul","sigungu":"mapo_gu"},{"name":"건우약국","addr":"(04117) 서울특별시 마포구 마포대로 205 ","tel":"02-364-4520","time":"09:00 ~ 22:00","sido":"seoul","sigungu":"mapo_gu"},{"name":"청춘약국","addr":"(04167) 서울특별시 마포구 마포대로 25 103호","tel":"02-3272-3333","time":"09:00 ~ 20:00","sido":"seoul","sigungu":"mapo_gu"},{"name":"아카데미약국","addr":"(04168) 서울특별시 마포구 마포대로 52 206호 ","tel":"02-717-2388","time":"09:00 ~ 19:00","sido":"seoul","sigungu":"mapo_gu"},{"name":"정약국","addr":"(04168) 서울특별시 마포구 마포대로 68 마포아크로타워 1층 112호","tel":"02-706-4730","time":"09:00 ~ 19:30","sido":"seoul","sigungu":"mapo_gu"},{"name":"햇빛약국","addr":"(04168) 서울특별시 마포구 마포대로 68 408","tel":"02-711-5982","time":"09:00 ~ 19:30","sido":"seoul","sigungu":"mapo_gu"},{"name":"허브약국","addr":"(04157) 서울특별시 마포구 마포대로 73 104호 ","tel":"02-2130-3030","time":"08:30 ~ 19:00","sido":"seoul","sigungu":"mapo_gu"},{"name":"한우리약국","addr":"(03964) 서울특별시 마포구 망원로 73 1층","tel":"02-3142-6796","time":"09:00 ~ 21:00","sido":"seoul","sigungu":"mapo_gu"},{"name":"환도약국","addr":"(03956) 서울특별시 마포구 방울내로 41 1층","tel":"02-3144-7237","time":"09:00 ~ 21:00","sido":"seoul","sigungu":"mapo_gu"},{"name":"나무약국","addr":"(04196) 서울특별시 마포구 백범로 202 101호","tel":"02-701-7595","time":"09:00 ~ 21:00","sido":"seoul","sigungu":"mapo_gu"},{"name":"마포웰츠약국","addr":"(04196) 서울특별시 마포구 백범로 202 마포KCC웰츠타워 201호","tel":"02-715-6034","time":"09:00 ~ 20:00","sido":"seoul","sigungu":"mapo_gu"},{"name":"우정옵티마약국","addr":"(04100) 서울특별시 마포구 백범로 4 1층","tel":"02-6012-8600","time":"09:00 ~ 21:00","sido":"seoul","sigungu":"mapo_gu"},{"name":"연세한우리약국","addr":"(04094) 서울특별시 마포구 서강로 106 연세한우리약국 ","tel":"02-702-6374","time":"09:00 ~ 19:30","sido":"seoul","sigungu":"mapo_gu"},{"name":"연세프라자약국","addr":"(04064) 서울특별시 마포구 서강로 97 ","tel":"02-323-2995","time":"09:00 ~ 19:00","sido":"seoul","sigungu":"mapo_gu"},{"name":"연세약국","addr":"(03998) 서울특별시 마포구 성미산로10길 44 1층","tel":"02-324-2148","time":"09:00 ~ 21:00","sido":"seoul","sigungu":"mapo_gu"},{"name":"소담약국","addr":"(03929) 서울특별시 마포구 성암로 179 한샘상암본사1층","tel":"02-304-0779","time":"08:30 ~ 19:00","sido":"seoul","sigungu":"mapo_gu"},{"name":"신일약국","addr":"(04199) 서울특별시 마포구 손기정로 54 ","tel":"02-312-1741","time":"09:30 ~ 22:00","sido":"seoul","sigungu":"mapo_gu"},{"name":"용약국","addr":"(04101) 서울특별시 마포구 신촌로 102-1 1층 ","tel":"02-701-7705","time":"08:30 ~ 21:00","sido":"seoul","sigungu":"mapo_gu"},{"name":"대흥온누리약국","addr":"(04104) 서울특별시 마포구 신촌로 160 이대역 서희스타힐스 106호","tel":"02-716-7582","time":"09:00 ~ 19:00","sido":"seoul","sigungu":"mapo_gu"},{"name":"프라자약국","addr":"(04115) 서울특별시 마포구 신촌로 238 ","tel":"02-365-5569","time":"08:00 ~ 20:30","sido":"seoul","sigungu":"mapo_gu"},{"name":"보천약국","addr":"(04116) 서울특별시 마포구 신촌로 266-1 ","tel":"02-313-2190","time":"09:00 ~ 19:00","sido":"seoul","sigungu":"mapo_gu"},{"name":"이지약국","addr":"(04050) 서울특별시 마포구 양화로 152 ","tel":"02-336-1957","time":"09:00 ~ 20:00","sido":"seoul","sigungu":"mapo_gu"},{"name":"파마트LG약국","addr":"(04050) 서울특별시 마포구 양화로 156 116호 1층 116호","tel":"02-326-1678","time":"09:00 ~ 21:00","sido":"seoul","sigungu":"mapo_gu"}]