[{"name":"삼화사랑약국","address":"(63323) 제주특별자치도 제주시 건주로 43 ","tel":"064-755-3545","open":"08:30 ~ 21:00","sido":"jeju","sigungu":"jeju"},{"name":"구좌약국","address":"(63361) 제주특별자치도 제주시 구좌읍 구좌로 40 ","tel":"064-782-8875","open":"08:00 ~ 20:00","sido":"jeju","sigungu":"jeju"},{"name":"메디팜감초당약국","address":"(63361) 제주특별자치도 제주시 구좌읍 구좌로 42 메디팜감초당약국","tel":"064-783-2360","open":"08:30 ~ 19:00","sido":"jeju","sigungu":"jeju"},{"name":"자연약국","address":"(63132) 제주특별자치도 제주시 노연로 90 ","tel":"0647121596","open":"09:00 ~ 22:30","sido":"jeju","sigungu":"jeju"},{"name":"으뜸약국","address":"(63083) 제주특별자치도 제주시 노형로 376 101호, 으뜸약국","tel":"064-749-0003","open":"09:00 ~ 22:30","sido":"jeju","sigungu":"jeju"},{"name":"제주토마토약국","address":"(63127) 제주특별자치도 제주시 도령로 73 펠리체상가 101호","tel":"064-712-4003","open":"08:30 ~ 21:00","sido":"jeju","sigungu":"jeju"},{"name":"낙산약국","address":"(63127) 제주특별자치도 제주시 도령로 87 낙산약국","tel":"064-744-2688","open":"08:00 ~ 22:00","sido":"jeju","sigungu":"jeju"},{"name":"수약국","address":"(63275) 제주특별자치도 제주시 동광로 124 ","tel":"064-759-0587","open":"09:00 ~ 19:00","sido":"jeju","sigungu":"jeju"},{"name":"서사라튼튼약국","address":"(63182) 제주특별자치도 제주시 서사로 137 1층","tel":"064-752-7365","open":"08:30 ~ 19:00","sido":"jeju","sigungu":"jeju"},{"name":"에이스팜플러스약국","address":"(63124) 제주특별자치도 제주시 신대로14길 56 에이스팜플러스약국","tel":"064-711-5553","open":"08:00 ~ 익일04:00","sido":"jeju","sigungu":"jeju"},{"name":"부부온누리약국","address":"(63123) 제주특별자치도 제주시 신대로16길 41 부부온누리약국","tel":"064-742-5252","open":"17:00 ~ 익일03:00","sido":"jeju","sigungu":"jeju"},{"name":"태평양약국","address":"(63123) 제주특별자치도 제주시 연동7길 30 ","tel":"064-744-3236","open":"16:00 ~ 21:00","sido":"jeju","sigungu":"jeju"},{"name":"하나약국","address":"(63136) 제주특별자치도 제주시 연북로 99 ","tel":"064-748-2800","open":"09:00 ~ 23:00","sido":"jeju","sigungu":"jeju"},{"name":"열린약국","address":"(63097) 제주특별자치도 제주시 월랑로10길 34 열린약국","tel":"064-748-1551","open":"08:00 ~ 21:00","sido":"jeju","sigungu":"jeju"},{"name":"신한당약국","address":"(63333) 제주특별자치도 제주시 조천읍 신북로 530 신한당약국","tel":"064-783-8087","open":"08:30 ~ 21:00","sido":"jeju","sigungu":"jeju"},{"name":"정민당약국","address":"(63194) 제주특별자치도 제주시 중앙로 127 정민당약국","tel":"064-722-3337","open":"09:00 ~ 19:00","sido":"jeju","sigungu":"jeju"},{"name":"우성약국","address":"(63255) 제주특별자치도 제주시 천수로 53 우성약국","tel":"064-722-6019","open":"08:30 ~ 21:00","sido":"jeju","sigungu":"jeju"},{"name":"탑동보룡약국","address":"(63165) 제주특별자치도 제주시 탑동로 24 1층","tel":"064-726-4949","open":"08:00 ~ 23:00","sido":"jeju","sigungu":"jeju"},{"name":"시원한 약국","address":"(63323) 제주특별자치도 제주시 화삼북로 68 1층 시원한 약국","tel":"064-753-8085","open":"09:00 ~ 21:00","sido":"jeju","sigungu":"jeju"},{"name":"은우약국","address":"(63087) 제주특별자치도 제주시 1100로 3283 ","tel":"064-748-7542","open":"09:00 ~ 20:00","sido":"jeju","sigungu":"jeju"},{"name":"새봄약국","address":"(63083) 제주특별자치도 제주시 1100로 3333 새봄약국","tel":"064-712-0086","open":"08:30 ~ 19:30","sido":"jeju","sigungu":"jeju"},{"name":"별약국","address":"(63323) 제주특별자치도 제주시 건주로 27 1층 102호","tel":"064--","open":"08:30 ~ 21:00","sido":"jeju","sigungu":"jeju"},{"name":"설약국","address":"(63323) 제주특별자치도 제주시 건주로 31 1층 설약국","tel":"064-723-7599","open":"09:00 ~ 21:00","sido":"jeju","sigungu":"jeju"},{"name":"강약국","address":"(63259) 제주특별자치도 제주시 고마로 147 강약국","tel":"064-726-6366","open":"08:00 ~ 19:00","sido":"jeju","sigungu":"jeju"},{"name":"메디칼약국","address":"(63259) 제주특별자치도 제주시 고마로 149 1층 메디칼약국","tel":"064-726-2200","open":"09:00 ~ 20:00","sido":"jeju","sigungu":"jeju"},{"name":"정존약국","address":"(63093) 제주특별자치도 제주시 고사마루길 2 1층","tel":"010-9643-9890","open":"09:00 ~ 21:00","sido":"jeju","sigungu":"jeju"},{"name":"제주공항약국","address":"(63115) 제주특별자치도 제주시 공항로 2 ","tel":"064-743-3213","open":"06:00 ~ 21:00","sido":"jeju","sigungu":"jeju"},{"name":"대정약국","address":"(63085) 제주특별자치도 제주시 과원북4길 35 1층 대정약국","tel":"064-743-3734","open":"08:30 ~ 19:00","sido":"jeju","sigungu":"jeju"},{"name":"인수당건재약국","address":"(63192) 제주특별자치도 제주시 관덕로 54-2 인수당건재약국","tel":"064-722-3030","open":"09:00 ~ 19:00","sido":"jeju","sigungu":"jeju"},{"name":"유진약국","address":"(63192) 제주특별자치도 제주시 관덕로 60 1층 유진약국","tel":"064-753-7116","open":"08:30 ~ 21:00","sido":"jeju","sigungu":"jeju"},{"name":"조일약국","address":"(63277) 제주특별자치도 제주시 관덕로 63 조일약국","tel":"064-757-2273","open":"08:30 ~ 19:30","sido":"jeju","sigungu":"jeju"},{"name":"정성약국","address":"(63192) 제주특별자치도 제주시 관덕로 66 정성약국","tel":"064-702-2255","open":"08:30 ~ 19:30","sido":"jeju","sigungu":"jeju"},{"name":"제일약국","address":"(63361) 제주특별자치도 제주시 구좌읍 구좌로 47 제일약국","tel":"064-783-2010","open":"08:30 ~ 19:00","sido":"jeju","sigungu":"jeju"},{"name":"세화약국","address":"(63361) 제주특별자치도 제주시 구좌읍 세화10길 1 1층 세화약국","tel":"064-784-8442","open":"08:00 ~ 23:00","sido":"jeju","sigungu":"jeju"},{"name":"남광약국","address":"(63230) 제주특별자치도 제주시 남광로2길 43 남광약국","tel":"064-757-6015","open":"09:00 ~ 19:00","sido":"jeju","sigungu":"jeju"},{"name":"창신약국","address":"(63169) 제주특별자치도 제주시 남성로 143 ","tel":"064-758-8313","open":"09:00 ~ 21:00","sido":"jeju","sigungu":"jeju"},{"name":"영제약국","address":"(63083) 제주특별자치도 제주시 노형8길 3 우학빌딩 1층","tel":"064-726-3090","open":"09:00 ~ 18:30","sido":"jeju","sigungu":"jeju"},{"name":"예은온누리약국","address":"(63083) 제주특별자치도 제주시 노형8길 8 1층","tel":"064-747-1225","open":"08:30 ~ 22:00","sido":"jeju","sigungu":"jeju"},{"name":"미소약국","address":"(63097) 제주특별자치도 제주시 노형동 1054-6 105호 미소약국","tel":"064-712-2928","open":"08:30 ~ 18:00","sido":"jeju","sigungu":"jeju"},{"name":"싱싱약국","address":"(63083) 제주특별자치도 제주시 노형로 386 싱싱약국","tel":"064-711-7242","open":"08:30 ~ 18:30","sido":"jeju","sigungu":"jeju"},{"name":"노형타워약국","address":"(63099) 제주특별자치도 제주시 노형로 407 B102호","tel":"064-747-0828","open":"09:00 ~ 18:00","sido":"jeju","sigungu":"jeju"},{"name":"휴베이스 건강드림약국","address":"(63098) 제주특별자치도 제주시 도령로 1 건강드림약국","tel":"064-744-0369","open":"08:00 ~ 18:30","sido":"jeju","sigungu":"jeju"},{"name":"유성약국","address":"(63098) 제주특별자치도 제주시 도령로 5 유성약국","tel":"064-744-5477","open":"08:00 ~ 19:00","sido":"jeju","sigungu":"jeju"},{"name":"신한온누리약국","address":"(63129) 제주특별자치도 제주시 도령로 74 신한온누리약국","tel":"064-744-1783","open":"08:30 ~ 20:00","sido":"jeju","sigungu":"jeju"},{"name":"명원약국","address":"(63275) 제주특별자치도 제주시 동광로 100 ","tel":"064-53-0660","open":"08:30 ~ 19:00","sido":"jeju","sigungu":"jeju"},{"name":"인제약국","address":"(63275) 제주특별자치도 제주시 동광로 108-1 ","tel":"064-724-7276","open":"09:00 ~ 19:00","sido":"jeju","sigungu":"jeju"},{"name":"인화온누리약국","address":"(63275) 제주특별자치도 제주시 동광로 110 ","tel":"064-724-7272","open":"08:30 ~ 19:00","sido":"jeju","sigungu":"jeju"},{"name":"화신온누리약국","address":"(63253) 제주특별자치도 제주시 동광로 129 화신온누리약국","tel":"064-722-2944","open":"08:30 ~ 19:00","sido":"jeju","sigungu":"jeju"},{"name":"고승아약국","address":"(63253) 제주특별자치도 제주시 동광로 131 고승아약국","tel":"064-726-6988","open":"08:30 ~ 20:00","sido":"jeju","sigungu":"jeju"},{"name":"세브란스약국","address":"(63214) 제주특별자치도 제주시 동광로 90 세브란스약국","tel":"064-722-5711","open":"09:00 ~ 21:00","sido":"jeju","sigungu":"jeju"},{"name":"보림약국","address":"(63278) 제주특별자치도 제주시 동문로 35 보림약국","tel":"064-722-3788","open":"08:00 ~ 21:00","sido":"jeju","sigungu":"jeju"},{"name":"위생약국","address":"(63264) 제주특별자치도 제주시 동문로 40 위생약국","tel":"064-753-2630","open":"07:00 ~ 19:30","sido":"jeju","sigungu":"jeju"},{"name":"조은약국","address":"(63266) 제주특별자치도 제주시 동문로20길 1 ","tel":"064-721-7271","open":"08:30 ~ 19:00","sido":"jeju","sigungu":"jeju"},{"name":"옵티마힐링약국","address":"(63300) 제주특별자치도 제주시 동화로 28 ","tel":"--","open":"09:00 ~ 20:00","sido":"jeju","sigungu":"jeju"},{"name":"그린약국","address":"(63300) 제주특별자치도 제주시 동화로 30 그린약국","tel":"064-727-1175","open":"08:30 ~ 19:30","sido":"jeju","sigungu":"jeju"},{"name":"동의당온누리약국","address":"(63279) 제주특별자치도 제주시 만덕로 21 동의당온누리약국","tel":"064-758-2685","open":"09:00 ~ 20:00","sido":"jeju","sigungu":"jeju"},{"name":"번영약국","address":"(63313) 제주특별자치도 제주시 번영로 500 1층 번영약국","tel":"064-900-4395","open":"08:30 ~ 18:30","sido":"jeju","sigungu":"jeju"},{"name":"한라프라자약국","address":"(63124) 제주특별자치도 제주시 삼무로 46 한라프라자약국","tel":"064-743-2098","open":"08:30 ~ 18:30","sido":"jeju","sigungu":"jeju"},{"name":"동현약국","address":"(63327) 제주특별자치도 제주시 삼봉로 327 A동 102호","tel":"064-723-0490","open":"08:30 ~ 18:30","sido":"jeju","sigungu":"jeju"},{"name":"온누리대우약국","address":"(63184) 제주특별자치도 제주시 서광로 171 ","tel":"064-753-3390","open":"08:30 ~ 21:30","sido":"jeju","sigungu":"jeju"},{"name":"수성약국","address":"(63184) 제주특별자치도 제주시 서광로 173 수성약국","tel":"064-751-2526","open":"07:30 ~ 19:30","sido":"jeju","sigungu":"jeju"},{"name":"감초당약국","address":"(63184) 제주특별자치도 제주시 서광로 181 ","tel":"064-722-4370","open":"09:00 ~ 18:30","sido":"jeju","sigungu":"jeju"},{"name":"하나로약국","address":"(63183) 제주특별자치도 제주시 서광로 189 하나로약국","tel":"064-726-0282","open":"08:30 ~ 19:00","sido":"jeju","sigungu":"jeju"},{"name":"우리약국","address":"(63183) 제주특별자치도 제주시 서광로 195 우리약국","tel":"064-758-1894","open":"08:00 ~ 20:30","sido":"jeju","sigungu":"jeju"},{"name":"금호약국","address":"(63185) 제주특별자치도 제주시 서광로 202 ","tel":"064-752-3200","open":"08:00 ~ 20:30","sido":"jeju","sigungu":"jeju"},{"name":"해약국","address":"(63182) 제주특별자치도 제주시 서광로 263 ","tel":"064-725-2283","open":"08:30 ~ 18:00","sido":"jeju","sigungu":"jeju"},{"name":"성종약국","address":"(63182) 제주특별자치도 제주시 서광로 267 ","tel":"064-721-0224","open":"08:30 ~ 19:30","sido":"jeju","sigungu":"jeju"},{"name":"만년약국","address":"(63200) 제주특별자치도 제주시 서광로 268 만년약국","tel":"064-726-8806","open":"08:00 ~ 19:00","sido":"jeju","sigungu":"jeju"},{"name":"고운약국","address":"(63199) 제주특별자치도 제주시 서광로 273 ","tel":"064-723-1339","open":"09:00 ~ 19:00","sido":"jeju","sigungu":"jeju"},{"name":"힐링약국","address":"(63207) 제주특별자치도 제주시 서광로 278 101","tel":"064-702-2332","open":"08:30 ~ 18:30","sido":"jeju","sigungu":"jeju"},{"name":"100세약국","address":"(63207) 제주특별자치도 제주시 서광로 300-1 ","tel":"064-702-0103","open":"09:00 ~ 21:30","sido":"jeju","sigungu":"jeju"},{"name":"영신온누리약국","address":"(63154) 제주특별자치도 제주시 서문로 68 영신온누리약국","tel":"064-722-0371","open":"08:30 ~ 20:00","sido":"jeju","sigungu":"jeju"},{"name":"건강한약국","address":"(63186) 제주특별자치도 제주시 서사로 155 1층","tel":"064-722-2004","open":"08:00 ~ 20:00","sido":"jeju","sigungu":"jeju"},{"name":"새우리약국","address":"(63172) 제주특별자치도 제주시 서사로 36 새우리약국","tel":"064-757-7675","open":"09:00 ~ 23:00","sido":"jeju","sigungu":"jeju"},{"name":"365약국","address":"(63113) 제주특별자치도 제주시 서해안로 161 ","tel":"0647113652","open":"08:00 ~ 20:00","sido":"jeju","sigungu":"jeju"},{"name":"한라산약국","address":"(63127) 제주특별자치도 제주시 성신로 13-4 한라산약국","tel":"010-9066-5864","open":"09:00 ~ 18:00","sido":"jeju","sigungu":"jeju"},{"name":"신제주대웅약국","address":"(63127) 제주특별자치도 제주시 성신로 13-8 신제주대웅약국","tel":"064-747-8811","open":"08:30 ~ 18:30","sido":"jeju","sigungu":"jeju"},{"name":"제주약국","address":"(63127) 제주특별자치도 제주시 성신로 13-8 103호","tel":"064-713-8575","open":"09:00 ~ 18:30","sido":"jeju","sigungu":"jeju"},{"name":"정약국","address":"(63099) 제주특별자치도 제주시 수덕1길 3 ","tel":"064-713-0033","open":"08:00 ~ 18:30","sido":"jeju","sigungu":"jeju"},{"name":"밝은사랑약국","address":"(63102) 제주특별자치도 제주시 수덕로 41 1층","tel":"064-744-9952","open":"09:00 ~ 18:00","sido":"jeju","sigungu":"jeju"},{"name":"하늘약국","address":"(63100) 제주특별자치도 제주시 수덕로 6 ","tel":"064-748-4001","open":"09:00 ~ 18:00","sido":"jeju","sigungu":"jeju"},{"name":"오케이약국","address":"(63231) 제주특별자치도 제주시 승천로 74 ","tel":"--","open":"08:30 ~ 19:00","sido":"jeju","sigungu":"jeju"},{"name":"에코약국","address":"(63227) 제주특별자치도 제주시 승천로 75 ","tel":"064-722-0059","open":"09:00 ~ 20:00","sido":"jeju","sigungu":"jeju"},{"name":"새한온누리약국","address":"(63123) 제주특별자치도 제주시 신대로 128 새한온누리약국","tel":"064-742-1348","open":"09:00 ~ 22:00","sido":"jeju","sigungu":"jeju"},{"name":"한결약국","address":"(63205) 제주특별자치도 제주시 신성로 78 1층","tel":"064-727-1210","open":"08:30 ~ 21:00","sido":"jeju","sigungu":"jeju"},{"name":"아라약국","address":"(63043) 제주특별자치도 제주시 애월읍 애월로 120 아라약국","tel":"064-799-4460","open":"08:30 ~ 21:00","sido":"jeju","sigungu":"jeju"},{"name":"하귀하나로약국","address":"(63054) 제주특별자치도 제주시 애월읍 일주서로 7136 하귀하나로약국","tel":"064-742-8434","open":"08:30 ~ 20:00","sido":"jeju","sigungu":"jeju"},{"name":"동백약국","address":"(63054) 제주특별자치도 제주시 애월읍 하귀9길 1 103호","tel":"064-904-1102","open":"08:30 ~ 19:00","sido":"jeju","sigungu":"jeju"},{"name":"곰온누리약국","address":"(63054) 제주특별자치도 제주시 애월읍 하귀9길 2 모닝시티 106호","tel":"064-747-6174","open":"09:00 ~ 18:00","sido":"jeju","sigungu":"jeju"},{"name":"하귀약국","address":"(63051) 제주특별자치도 제주시 애월읍 하귀로 35 하귀약국","tel":"064-713-2927","open":"08:30 ~ 19:00","sido":"jeju","sigungu":"jeju"},{"name":"송약국","address":"(63051) 제주특별자치도 제주시 애월읍 하귀로 77 송약국","tel":"064-712-8538","open":"08:00 ~ 21:30","sido":"jeju","sigungu":"jeju"},{"name":"제주예스약국","address":"(63094) 제주특별자치도 제주시 억삼길 35-57 제주예스약국","tel":"064-744-5551","open":"09:00 ~ 22:00","sido":"jeju","sigungu":"jeju"},{"name":"신세계약국","address":"(63133) 제주특별자치도 제주시 연동8길 7 1층 ","tel":"064-746-3983","open":"09:00 ~ 22:00","sido":"jeju","sigungu":"jeju"},{"name":"뉴제주약국","address":"(63133) 제주특별자치도 제주시 연동8길 8 ","tel":"064-752-5244","open":"08:30 ~ 19:30","sido":"jeju","sigungu":"jeju"},{"name":"스마트약국","address":"(63084) 제주특별자치도 제주시 연북로 1 1층 (노형동,롯데마트)","tel":"064-712-6706","open":"10:00 ~ 21:30","sido":"jeju","sigungu":"jeju"},{"name":"신진팜약국","address":"(63085) 제주특별자치도 제주시 연북로 34 1층 신진팜약국","tel":"064-746-5452","open":"08:30 ~ 09:00","sido":"jeju","sigungu":"jeju"},{"name":"굿모닝약국","address":"(63085) 제주특별자치도 제주시 연북로 40 굿모닝약국","tel":"064-711-8995","open":"09:00 ~ 19:00","sido":"jeju","sigungu":"jeju"},{"name":"해모로약국","address":"(63204) 제주특별자치도 제주시 연삼로 305 ","tel":"0649017378","open":"10:00 ~ 20:00","sido":"jeju","sigungu":"jeju"},{"name":"최약국","address":"(63260) 제주특별자치도 제주시 연삼로 548 1층 최약국","tel":"064-755-3566","open":"08:30 ~ 19:00","sido":"jeju","sigungu":"jeju"},{"name":"영주약국","address":"(63227) 제주특별자치도 제주시 연신로 46 ","tel":"064-722-5593","open":"09:00 ~ 19:00","sido":"jeju","sigungu":"jeju"},{"name":"한우리약국","address":"(63228) 제주특별자치도 제주시 연신로 51 ","tel":"064-723-8484","open":"08:30 ~ 19:00","sido":"jeju","sigungu":"jeju"},{"name":"맘꽃약국","address":"(63145) 제주특별자치도 제주시 연오로 59 이룸프라자 101호 맘꽃약국","tel":"064-747-2966","open":"08:30 ~ 19:00","sido":"jeju","sigungu":"jeju"},{"name":"동보약국","address":"(63192) 제주특별자치도 제주시 오현길 78 동보약국","tel":"064-757-5833","open":"07:00 ~ 20:00","sido":"jeju","sigungu":"jeju"},{"name":"용담온누리약국","address":"(63157) 제주특별자치도 제주시 용담로 46 용담온누리약국","tel":"064-712-0259","open":"08:30 ~ 19:00","sido":"jeju","sigungu":"jeju"},{"name":"우주약국","address":"(63156) 제주특별자치도 제주시 용담로 92 1층 우주약국","tel":"070-4111-6964","open":"08:30 ~ 19:30","sido":"jeju","sigungu":"jeju"},{"name":"무등약국","address":"(63184) 제주특별자치도 제주시 용담일동 2824-15 1층 무등약국","tel":"064-722-5529","open":"08:30 ~ 18:30","sido":"jeju","sigungu":"jeju"},{"name":"유명약국","address":"(63156) 제주특별자치도 제주시 용문로 163 유명약국","tel":"064-711-4587","open":"09:00 ~ 18:30","sido":"jeju","sigungu":"jeju"},{"name":"가정온누리약국","address":"(63070) 제주특별자치도 제주시 우정로 57 가정온누리약국","tel":"064-711-5275","open":"08:30 ~ 21:00","sido":"jeju","sigungu":"jeju"},{"name":"알로하약국","address":"(63070) 제주특별자치도 제주시 우정로15길 1 106호 알로하약국","tel":"064-723-9090","open":"09:00 ~ 20:30","sido":"jeju","sigungu":"jeju"},{"name":"착한약국","address":"(63070) 제주특별자치도 제주시 우정로15길 5 102호","tel":"064-744-6314","open":"08:00 ~ 18:30","sido":"jeju","sigungu":"jeju"},{"name":"우리들약국","address":"(63070) 제주특별자치도 제주시 우정로5길 5 우리들약국","tel":"064-712-6543","open":"08:00 ~ 19:30","sido":"jeju","sigungu":"jeju"},{"name":"부원약국","address":"(63069) 제주특별자치도 제주시 우정로8길 2 1층","tel":"064-900-4338","open":"08:30 ~ 19:00","sido":"jeju","sigungu":"jeju"},{"name":"큰곰약국","address":"(63069) 제주특별자치도 제주시 우평로 338 1층","tel":"--","open":"09:00 ~ 13:00","sido":"jeju","sigungu":"jeju"},{"name":"생생약국","address":"(63082) 제주특별자치도 제주시 원노형남1길 1 1층","tel":"064-711-1788","open":"09:00 ~ 21:00","sido":"jeju","sigungu":"jeju"},{"name":"한라약국","address":"(63099) 제주특별자치도 제주시 월랑로 33 1층","tel":"064-712-7364","open":"09:00 ~ 19:00","sido":"jeju","sigungu":"jeju"},{"name":"메디팜월랑약국","address":"(63100) 제주특별자치도 제주시 월랑로 39 동마빌딩1층 메디팜월랑약국","tel":"064-742-9770","open":"08:30 ~ 20:30","sido":"jeju","sigungu":"jeju"},{"name":"세원약국","address":"(63099) 제주특별자치도 제주시 월랑로 5 세원약국","tel":"064-742-9090","open":"08:30 ~ 21:00","sido":"jeju","sigungu":"jeju"},{"name":"행복나눔약국","address":"(63100) 제주특별자치도 제주시 월랑로 59 세흔빌딩 1층","tel":"064-747-7227","open":"08:30 ~ 20:00","sido":"jeju","sigungu":"jeju"},{"name":"신산약국","address":"(63268) 제주특별자치도 제주시 일도이동 1027-5 신산약국","tel":"064-722-7290","open":"08:30 ~ 19:00","sido":"jeju","sigungu":"jeju"},{"name":"온누리한솔약국","address":"(63292) 제주특별자치도 제주시 일주동로 181 온누리한솔약국","tel":"064-725-0270","open":"09:00 ~ 18:30","sido":"jeju","sigungu":"jeju"},{"name":"화북약국","address":"(63289) 제주특별자치도 제주시 일주동로 199 ","tel":"064-756-1428","open":"08:30 ~ 21:00","sido":"jeju","sigungu":"jeju"},{"name":"월마트약국","address":"(63288) 제주특별자치도 제주시 일주동로 229 ","tel":"064-748-1556","open":"09:00 ~ 20:00","sido":"jeju","sigungu":"jeju"},{"name":"동화약국","address":"(63288) 제주특별자치도 제주시 일주동로 241 동화약국","tel":"064-723-6462","open":"09:00 ~ 18:00","sido":"jeju","sigungu":"jeju"},{"name":"삼양약국","address":"(63321) 제주특별자치도 제주시 일주동로 366 1층","tel":"064-758-1734","open":"08:30 ~ 18:00","sido":"jeju","sigungu":"jeju"},{"name":"삼화약국","address":"(63321) 제주특별자치도 제주시 일주동로 366 ","tel":"064-758-1734","open":"08:30 ~ 20:00","sido":"jeju","sigungu":"jeju"},{"name":"삼양온누리약국","address":"(63318) 제주특별자치도 제주시 일주동로 393 1층","tel":"070-8900-4480","open":"09:00 ~ 20:00","sido":"jeju","sigungu":"jeju"},{"name":"한사랑약국","address":"(63331) 제주특별자치도 제주시 조천읍 신북로 217 한사랑약국","tel":"064-784-3336","open":"09:00 ~ 19:00","sido":"jeju","sigungu":"jeju"},{"name":"조천약국","address":"(63331) 제주특별자치도 제주시 조천읍 신북로 226 조천약국","tel":"064-783-8989","open":"08:30 ~ 21:00","sido":"jeju","sigungu":"jeju"},{"name":"영재약국","address":"(63333) 제주특별자치도 제주시 조천읍 신북로 510-1 영재약국","tel":"064-783-1959","open":"08:30 ~ 23:00","sido":"jeju","sigungu":"jeju"},{"name":"나라약국","address":"(63333) 제주특별자치도 제주시 조천읍 신북로 523 나라약국","tel":"064-782-3700","open":"08:00 ~ 18:30","sido":"jeju","sigungu":"jeju"},{"name":"옵티마대한약국","address":"(63333) 제주특별자치도 제주시 조천읍 조함해안로 488-6 옵티마대한약국","tel":"064-784-3432","open":"09:00 ~ 18:30","sido":"jeju","sigungu":"jeju"},{"name":"함덕하나로약국","address":"(63334) 제주특별자치도 제주시 조천읍 함와로 40 함덕하나로약국","tel":"064-784-8434","open":"08:00 ~ 19:00","sido":"jeju","sigungu":"jeju"},{"name":"남문약국","address":"(63170) 제주특별자치도 제주시 중앙로 132 1층 남문약국","tel":"064-751-9967","open":"08:30 ~ 20:30","sido":"jeju","sigungu":"jeju"},{"name":"연세익약국","address":"(63197) 제주특별자치도 제주시 중앙로 175 ","tel":"064-725-9454","open":"08:30 ~ 22:00","sido":"jeju","sigungu":"jeju"},{"name":"웅진약국","address":"(63197) 제주특별자치도 제주시 중앙로 195 웅진약국","tel":"064-723-7677","open":"09:00 ~ 18:00","sido":"jeju","sigungu":"jeju"},{"name":"늘좋은약국","address":"(63206) 제주특별자치도 제주시 중앙로 284 늘좋은약국","tel":"064-751-2277","open":"08:00 ~ 20:00","sido":"jeju","sigungu":"jeju"},{"name":"주원약국","address":"(63222) 제주특별자치도 제주시 중앙로 318 주원약국","tel":"064-752-2321","open":"08:30 ~ 21:00","sido":"jeju","sigungu":"jeju"},{"name":"베스트약국","address":"(63232) 제주특별자치도 제주시 중앙로 354 ","tel":"064-752-7525","open":"08:30 ~ 19:00","sido":"jeju","sigungu":"jeju"},{"name":"더블유스토어 이도약국","address":"(63232) 제주특별자치도 제주시 중앙로 366 힐링타운1층","tel":"070-8900-3399","open":"09:00 ~ 07:30","sido":"jeju","sigungu":"jeju"},{"name":"제주튼튼한 약국","address":"(63230) 제주특별자치도 제주시 중앙로 371 1층 제주튼튼한 약국 (이도2동 )","tel":"064-752-2526","open":"09:00 ~ 19:30","sido":"jeju","sigungu":"jeju"},{"name":"민성약국","address":"(63247) 제주특별자치도 제주시 중앙로 543 1층","tel":"064-722-1010","open":"09:00 ~ 19:00","sido":"jeju","sigungu":"jeju"},{"name":"킴스약국","address":"(63237) 제주특별자치도 제주시 중앙로 552 킴스약국","tel":"064-723-3507","open":"08:30 ~ 19:00","sido":"jeju","sigungu":"jeju"},{"name":"광제약국","address":"(63192) 제주특별자치도 제주시 중앙로 61 일도이동 광제약국","tel":"064-722-6634","open":"09:30 ~ 21:00","sido":"jeju","sigungu":"jeju"},{"name":"대학약국","address":"(63248) 제주특별자치도 제주시 중앙로 611 ","tel":"064-722-3033","open":"09:00 ~ 18:30","sido":"jeju","sigungu":"jeju"},{"name":"건강일등약국","address":"(63241) 제주특별자치도 제주시 중앙로 616 ","tel":"064-727-8321","open":"09:00 ~ 21:00","sido":"jeju","sigungu":"jeju"},{"name":"현대약국","address":"(63192) 제주특별자치도 제주시 중앙로 77 ","tel":"064-722-0392","open":"09:00 ~ 19:00","sido":"jeju","sigungu":"jeju"},{"name":"동우약국","address":"(63192) 제주특별자치도 제주시 중앙로15길 2 동우약국","tel":"010-2693-0611","open":"08:30 ~ 18:30","sido":"jeju","sigungu":"jeju"},{"name":"추자약국","address":"(63000) 제주특별자치도 제주시 추자면 추자로 20 추자약국","tel":"064-742-9958","open":"09:00 ~ 익일00:00","sido":"jeju","sigungu":"jeju"},{"name":"마트약국","address":"(63165) 제주특별자치도 제주시 탑동로 38 1층","tel":"064-722-7044","open":"10:00 ~ 23:00","sido":"jeju","sigungu":"jeju"},{"name":"장수약국","address":"(63008) 제주특별자치도 제주시 한경면 고산로 16 장수약국","tel":"064-772-5834","open":"08:30 ~ 18:30","sido":"jeju","sigungu":"jeju"},{"name":"새별약국","address":"(63013) 제주특별자치도 제주시 한림읍 동명북1길 11 1층 102호","tel":"--","open":"08:30 ~ 19:00","sido":"jeju","sigungu":"jeju"},{"name":"현재약국","address":"(63032) 제주특별자치도 제주시 한림읍 한림로 650 현재약국","tel":"064-796-9333","open":"08:30 ~ 23:00","sido":"jeju","sigungu":"jeju"},{"name":"중앙약국","address":"(63032) 제주특별자치도 제주시 한림읍 한림로 664 중앙약국","tel":"064-796-2051","open":"08:00 ~ 19:00","sido":"jeju","sigungu":"jeju"},{"name":"동서약국","address":"(63030) 제주특별자치도 제주시 한림읍 한림로 682 동서약국","tel":"064-796-0333","open":"08:00 ~ 20:00","sido":"jeju","sigungu":"jeju"},{"name":"태안약국","address":"(63029) 제주특별자치도 제주시 한림읍 한림중앙로 29 101호","tel":"064-796-8050","open":"08:30 ~ 18:30","sido":"jeju","sigungu":"jeju"},{"name":"녹십자약국","address":"(63032) 제주특별자치도 제주시 한림읍 한림중앙로 4 녹십자약국","tel":"064-796-9001","open":"08:30 ~ 20:30","sido":"jeju","sigungu":"jeju"},{"name":"은솔약국","address":"(63032) 제주특별자치도 제주시 한림읍 한림중앙로 46 은솔약국","tel":"064-796-7474","open":"08:30 ~ 18:00","sido":"jeju","sigungu":"jeju"},{"name":"무지개약국","address":"(63303) 제주특별자치도 제주시 화삼로1길 14 무지개약국","tel":"064-723-0888","open":"08:30 ~ 19:00","sido":"jeju","sigungu":"jeju"},{"name":"상아약국","address":"(63156) 제주특별자치도 제주시 흥운길 6 상아약국","tel":"064-711-3770","open":"09:00 ~ 18:30","sido":"jeju","sigungu":"jeju"}]