[{"name":"삼성약국","address":"(63510) 제주특별자치도 서귀포시 대정읍 상모로 321 삼성약국","tel":"064-794-8380","open":"08:00 ~ 19:00","sido":"jeju","sigungu":"seoguipo"},{"name":"건강약국","address":"(63508) 제주특별자치도 서귀포시 대정읍 하모상가로 51-1 건강약국","tel":"064-794-7575","open":"08:00 ~ 21:00","sido":"jeju","sigungu":"seoguipo"},{"name":"동홍약국","address":"(63588) 제주특별자치도 서귀포시 동홍중앙로 49 1층","tel":"064-732-1127","open":"09:00 ~ 21:00","sido":"jeju","sigungu":"seoguipo"},{"name":"부부약국","address":"(63585) 제주특별자치도 서귀포시 일주동로 8640 부부약국","tel":"064-767-6013","open":"08:30 ~ 22:00","sido":"jeju","sigungu":"seoguipo"},{"name":"서귀포약국","address":"(63593) 제주특별자치도 서귀포시 중앙로 89 서귀포약국","tel":"064-762-6000","open":"07:00 ~ 22:00","sido":"jeju","sigungu":"seoguipo"},{"name":"위미약국","address":"(63611) 제주특별자치도 서귀포시 남원읍 태위로 127 위미약국","tel":"064-764-6603","open":"09:00 ~ 19:00","sido":"jeju","sigungu":"seoguipo"},{"name":"조광약국","address":"(63621) 제주특별자치도 서귀포시 남원읍 태위로 633 조광약국","tel":"010-9458-7393","open":"08:30 ~ 20:00","sido":"jeju","sigungu":"seoguipo"},{"name":"동원약국","address":"(63621) 제주특별자치도 서귀포시 남원읍 태위로 634 동원약국","tel":"064-764-5784","open":"08:30 ~ 20:30","sido":"jeju","sigungu":"seoguipo"},{"name":"남원약국","address":"(63621) 제주특별자치도 서귀포시 남원읍 태위로 667 남원약국","tel":"064-764-0405","open":"08:00 ~ 20:00","sido":"jeju","sigungu":"seoguipo"},{"name":"민생약국","address":"(63621) 제주특별자치도 서귀포시 남원읍 태위로 687 민생약국","tel":"064-764-1079","open":"07:00 ~ 21:00","sido":"jeju","sigungu":"seoguipo"},{"name":"서울약국","address":"(63510) 제주특별자치도 서귀포시 대정읍 상모로 325 서울약국","tel":"064-792-2129","open":"08:30 ~ 20:30","sido":"jeju","sigungu":"seoguipo"},{"name":"시계탑약국","address":"(63508) 제주특별자치도 서귀포시 대정읍 신영로 115 시계탑약국","tel":"064-794-1763","open":"09:00 ~ 19:00","sido":"jeju","sigungu":"seoguipo"},{"name":"메디팜현대약국","address":"(63507) 제주특별자치도 서귀포시 대정읍 하모상가로 27 하모상가로27","tel":"064-794-0719","open":"08:30 ~ 19:00","sido":"jeju","sigungu":"seoguipo"},{"name":"대정송약국","address":"(63508) 제주특별자치도 서귀포시 대정읍 하모상가로 44 1층 101호","tel":"064-794-2802","open":"08:00 ~ 19:00","sido":"jeju","sigungu":"seoguipo"},{"name":"현강약국","address":"(63590) 제주특별자치도 서귀포시 동문로 5 1층 현강약국","tel":"064-762-6050","open":"08:00 ~ 21:00","sido":"jeju","sigungu":"seoguipo"},{"name":"서귀포 신세계약국","address":"(63589) 제주특별자치도 서귀포시 동홍동 388-1 가나노블휘닉스상가 1층 신세계약국","tel":"064-733-7582","open":"08:30 ~ 21:30","sido":"jeju","sigungu":"seoguipo"},{"name":"중앙약국","address":"(63591) 제주특별자치도 서귀포시 서귀동 274-4 중앙약국","tel":"064-762-4958","open":"08:30 ~ 19:00","sido":"jeju","sigungu":"seoguipo"},{"name":"태양약국","address":"(63640) 제주특별자치도 서귀포시 성산읍 고성오조로 67 태양약국","tel":"064-784-7817","open":"08:00 ~ 20:00","sido":"jeju","sigungu":"seoguipo"},{"name":"대우약국","address":"(63640) 제주특별자치도 서귀포시 성산읍 고성오조로 68-1 ","tel":"064-782-2154","open":"08:00 ~ 20:00","sido":"jeju","sigungu":"seoguipo"},{"name":"제주사랑약국","address":"(63640) 제주특별자치도 서귀포시 성산읍 고성오조로 74 ","tel":"064-782-3075","open":"08:30 ~ 22:00","sido":"jeju","sigungu":"seoguipo"},{"name":"제일약국","address":"(63640) 제주특별자치도 서귀포시 성산읍 동류암로36번길 23 제일약국","tel":"064-783-0606","open":"07:00 ~ 19:00","sido":"jeju","sigungu":"seoguipo"},{"name":"새한약국","address":"(63643) 제주특별자치도 서귀포시 성산읍 성산중앙로 39 새한약국","tel":"064-784-3001","open":"09:00 ~ 20:00","sido":"jeju","sigungu":"seoguipo"},{"name":"동남약국","address":"(63641) 제주특별자치도 서귀포시 성산읍 일출로 4 ","tel":"064-782-5417","open":"07:00 ~ 20:00","sido":"jeju","sigungu":"seoguipo"},{"name":"탐라약국","address":"(63566) 제주특별자치도 서귀포시 신서로48번길 31 102호 탐라약국","tel":"010-9031-2926","open":"08:00 ~ 21:00","sido":"jeju","sigungu":"seoguipo"},{"name":"한양약국","address":"(63530) 제주특별자치도 서귀포시 안덕면 화순로 110 한양약국","tel":"064-792-7792","open":"08:30 ~ 19:30","sido":"jeju","sigungu":"seoguipo"},{"name":"우리약국","address":"(63587) 제주특별자치도 서귀포시 일주동로 8538 우리약국","tel":"064-739-4375","open":"09:00 ~ 18:00","sido":"jeju","sigungu":"seoguipo"},{"name":"수온누리약국","address":"(63585) 제주특별자치도 서귀포시 일주동로 8666 ","tel":"064-762-7113","open":"10:00 ~ 20:00","sido":"jeju","sigungu":"seoguipo"},{"name":"열방약국","address":"(63590) 제주특별자치도 서귀포시 일주동로 8673 ","tel":"064-732-1190","open":"08:30 ~ 19:00","sido":"jeju","sigungu":"seoguipo"},{"name":"한마음약국","address":"(63546) 제주특별자치도 서귀포시 중문동 1964-3 한마음약국","tel":"064-739-0381","open":"09:00 ~ 익일00:00","sido":"jeju","sigungu":"seoguipo"},{"name":"현대약국","address":"(63592) 제주특별자치도 서귀포시 중앙로 35-1 ","tel":"064-733-6143","open":"09:00 ~ 21:00","sido":"jeju","sigungu":"seoguipo"},{"name":"삼일약국","address":"(63592) 제주특별자치도 서귀포시 중앙로 37 삼일약국","tel":"064-733-3031","open":"08:30 ~ 22:00","sido":"jeju","sigungu":"seoguipo"},{"name":"동산프라자약국","address":"(63591) 제주특별자치도 서귀포시 중앙로 86 동산프라자약국","tel":"064-762-3532","open":"08:30 ~ 20:00","sido":"jeju","sigungu":"seoguipo"},{"name":"은성약국","address":"(63591) 제주특별자치도 서귀포시 중앙로42번길 46 은성약국","tel":"064-732-1346","open":"08:30 ~ 19:00","sido":"jeju","sigungu":"seoguipo"},{"name":"종로약국","address":"(63591) 제주특별자치도 서귀포시 중앙로42번길 8 종로약국","tel":"064-733-0307","open":"09:00 ~ 18:00","sido":"jeju","sigungu":"seoguipo"},{"name":"늘푸른약국","address":"(63595) 제주특별자치도 서귀포시 중정로 50 늘푸른약국","tel":"064-762-1259","open":"08:30 ~ 21:00","sido":"jeju","sigungu":"seoguipo"},{"name":"김약국","address":"(63595) 제주특별자치도 서귀포시 중정로 54-1 김약국","tel":"064-732-7052","open":"08:30 ~ 19:00","sido":"jeju","sigungu":"seoguipo"},{"name":"민제약국","address":"(63595) 제주특별자치도 서귀포시 중정로 66-2 ","tel":"064-732-3646","open":"09:00 ~ 18:30","sido":"jeju","sigungu":"seoguipo"},{"name":"광진당약국","address":"(63595) 제주특별자치도 서귀포시 중정로 68 광진당약국","tel":"064-732-8275","open":"08:30 ~ 20:00","sido":"jeju","sigungu":"seoguipo"},{"name":"서울약국","address":"(63591) 제주특별자치도 서귀포시 중정로 71 서울약국","tel":"064-762-2416","open":"08:30 ~ 20:00","sido":"jeju","sigungu":"seoguipo"},{"name":"유선약국","address":"(63591) 제주특별자치도 서귀포시 중정로73번길 3-1 유선약국","tel":"064-762-3273","open":"09:00 ~ 19:00","sido":"jeju","sigungu":"seoguipo"},{"name":"중문약국","address":"(63546) 제주특별자치도 서귀포시 천제연로 200 중문약국","tel":"064-739-9687","open":"09:00 ~ 익일00:00","sido":"jeju","sigungu":"seoguipo"},{"name":"국민약국","address":"(63545) 제주특별자치도 서귀포시 천제연로 209 국민약국","tel":"064-738-8575","open":"08:00 ~ 22:00","sido":"jeju","sigungu":"seoguipo"},{"name":"수정약국","address":"(63596) 제주특별자치도 서귀포시 태평로 424 수정약국","tel":"064-762-2779","open":"08:00 ~ 21:30","sido":"jeju","sigungu":"seoguipo"},{"name":"은혜약국","address":"(63629) 제주특별자치도 서귀포시 표선면 표선리 675 은혜약국","tel":"064-787-5242","open":"08:30 ~ 18:30","sido":"jeju","sigungu":"seoguipo"},{"name":"표선한사랑약국","address":"(63629) 제주특별자치도 서귀포시 표선면 표선중앙로 80 ","tel":"064-787-0060","open":"08:00 ~ 20:00","sido":"jeju","sigungu":"seoguipo"},{"name":"소아약국","address":"(63629) 제주특별자치도 서귀포시 표선면 표선중앙로 84 소아약국","tel":"064-787-0153","open":"08:00 ~ 20:00","sido":"jeju","sigungu":"seoguipo"},{"name":"정약국","address":"(63606) 제주특별자치도 서귀포시 하신상로 32 정약국","tel":"064-767-3216","open":"08:30 ~ 19:00","sido":"jeju","sigungu":"seoguipo"}]