[{"name":"복지약국","address":"(22562) 인천광역시 동구 금곡로 66 (금곡동)","tel":"032-772-2910","open":"09:00 ~ 19:00","sido":"incheon","sigungu":"dong"},{"name":"보명약국","address":"(22544) 인천광역시 동구 송림로 97 1층 (송림동)","tel":"032-762-4970","open":"08:30 ~ 19:30","sido":"incheon","sigungu":"dong"},{"name":"송현메디칼약국","address":"(22549) 인천광역시 동구 송현로 1 송현프라자 101호 (송현동)","tel":"032-764-7727","open":"09:00 ~ 20:00","sido":"incheon","sigungu":"dong"},{"name":"해동약국","address":"(22551) 인천광역시 동구 화도진로44번길 24 (송현동)","tel":"032-773-1270","open":"08:00 ~ 20:00","sido":"incheon","sigungu":"dong"},{"name":"한솔약국","address":"(22558) 인천광역시 동구 동산로 86 (송림동)","tel":"032-766-7090","open":"08:30 ~ 18:00","sido":"incheon","sigungu":"dong"},{"name":"오메가약국","address":"(22531) 인천광역시 동구 봉수대로 82 (송림동,이마트송림점)","tel":"032-574-7533","open":"10:00 ~ 22:00","sido":"incheon","sigungu":"dong"},{"name":"신우약국","address":"(22543) 인천광역시 동구 샛골로 153 (송림동)","tel":"032-766-4480","open":"09:00 ~ 19:00","sido":"incheon","sigungu":"dong"},{"name":"서약국","address":"(22543) 인천광역시 동구 샛골로 159 (송림동)","tel":"032-763-4310","open":"09:00 ~ 19:00","sido":"incheon","sigungu":"dong"},{"name":"청십자약국","address":"(22558) 인천광역시 동구 송림로 102 청십자약국","tel":"032-761-9686","open":"08:30 ~ 19:00","sido":"incheon","sigungu":"dong"},{"name":"열린약국","address":"(22545) 인천광역시 동구 송림로 113 송영빌딩 105호 (송림동)","tel":"032-773-3382","open":"08:30 ~ 18:30","sido":"incheon","sigungu":"dong"},{"name":"솔빛약국","address":"(22554) 인천광역시 동구 송림로 12 솔빛약국","tel":"032-777-0284","open":"09:00 ~ 19:00","sido":"incheon","sigungu":"dong"},{"name":"대한약국","address":"(22543) 인천광역시 동구 송림로 81 1층 (송림동)","tel":"032-762-2421","open":"08:30 ~ 19:00","sido":"incheon","sigungu":"dong"},{"name":"희망약국","address":"(22556) 인천광역시 동구 송림로 84 1층 (송도동)","tel":"032-761-5336","open":"09:00 ~ 18:30","sido":"incheon","sigungu":"dong"},{"name":"정정안약국","address":"(22544) 인천광역시 동구 송림로 93 (송림동)","tel":"032-773-3390","open":"09:00 ~ 18:30","sido":"incheon","sigungu":"dong"},{"name":"도원약국","address":"(22534) 인천광역시 동구 송미로 7 (송림동)","tel":"032-765-8795","open":"09:00 ~ 19:00","sido":"incheon","sigungu":"dong"},{"name":"종로모범약국","address":"(22546) 인천광역시 동구 송현로 47 (송현동)","tel":"032-773-7842","open":"09:00 ~ 20:00","sido":"incheon","sigungu":"dong"},{"name":"샘물약국","address":"(22523) 인천광역시 동구 송화로44번길 13-1 1층 샘물약국","tel":"032-867-0221","open":"09:00 ~ 19:00","sido":"incheon","sigungu":"dong"},{"name":"한독약국","address":"(22508) 인천광역시 동구 운교로 5 (화수동)","tel":"032-772-8286","open":"09:00 ~ 19:00","sido":"incheon","sigungu":"dong"},{"name":"나을약국","address":"(22551) 인천광역시 동구 화도진로44번길 12 (송현동)","tel":"032-763-2890","open":"09:00 ~ 19:30","sido":"incheon","sigungu":"dong"},{"name":"백제약국","address":"(22522) 인천광역시 동구 화수로 18 동부센터레빌상가 103호","tel":"032-764-5747","open":"09:00 ~ 익일01:00","sido":"incheon","sigungu":"dong"},{"name":"행복한약국","address":"(22519) 인천광역시 동구 화평로 28 ","tel":"032-763-4848","open":"08:30 ~ 18:00","sido":"incheon","sigungu":"dong"}]