[{"name":"검단미래안약국","address":"(22616) 인천광역시 서구 검단로 469 (왕길동)","tel":"032-566-9037","open":"09:00 ~ 21:00","sido":"incheon","sigungu":"seo"},{"name":"미약국","address":"(22682) 인천광역시 서구 고산후로95번길 20 힘찬프라자 108호 (당하동)","tel":"032-568-8998","open":"09:00 ~ 22:00","sido":"incheon","sigungu":"seo"},{"name":"보성메디컬약국","address":"(22616) 인천광역시 서구 완정로 179 제이원검단메디컬프라자 102, 103호 (왕길동)","tel":"032-567-0167","open":"09:00 ~ 20:00","sido":"incheon","sigungu":"seo"},{"name":"성모약국","address":"(22781) 인천광역시 서구 원창로 174 102~103호 (신현동, 남송)","tel":"032-583-6083","open":"06:00 ~ 익일06:00","sido":"incheon","sigungu":"seo"},{"name":"365열린약국","address":"(22736) 인천광역시 서구 청라라임로 51 (청라동) 에일린의뜰 105호","tel":"070-8837-7582","open":"08:30 ~ 21:30","sido":"incheon","sigungu":"seo"},{"name":"대명약국","address":"(22736) 인천광역시 서구 청라라임로 71 (청라동,진영메디피아)","tel":"032-569-5213","open":"09:00 ~ 22:00","sido":"incheon","sigungu":"seo"},{"name":"청라큰사랑약국","address":"(22738) 인천광역시 서구 청라에메랄드로 79 B12 B13 (청라동, 커넬에비뉴)","tel":"032-568-7729","open":"09:00 ~ 21:00","sido":"incheon","sigungu":"seo"},{"name":"옵티마강남약국","address":"(22739) 인천광역시 서구 청라에메랄드로 84 106호 (청라동, 딜라이트타워2차)","tel":"032-865-2222","open":"10:00 ~ 21:00","sido":"incheon","sigungu":"seo"},{"name":"청라온누리약국","address":"(22739) 인천광역시 서구 청라에메랄드로102번길 8 108호 (연희동,우성메디피아)","tel":"032-567-8212","open":"08:30 ~ 21:00","sido":"incheon","sigungu":"seo"},{"name":"정든약국","address":"(22834) 인천광역시 서구 가정로 124 정든약국 (가좌동)","tel":"032-581-9916","open":"09:00 ~ 22:00","sido":"incheon","sigungu":"seo"},{"name":"정성약국","address":"(22795) 인천광역시 서구 가정로 201-1 (석남동, 두일빌딩)","tel":"032-579-0075","open":"08:30 ~ 20:00","sido":"incheon","sigungu":"seo"},{"name":"청우약국","address":"(22796) 인천광역시 서구 가정로 202 청우약국 (석남동)","tel":"032-571-2455","open":"08:30 ~ 18:30","sido":"incheon","sigungu":"seo"},{"name":"천사약국","address":"(22789) 인천광역시 서구 가정로 263 (신현동, 그린빌딩)","tel":"032-579-8735","open":"09:00 ~ 19:00","sido":"incheon","sigungu":"seo"},{"name":"새솔약국","address":"(22790) 인천광역시 서구 가정로 280 102호 (석남동)","tel":"032-582-3969","open":"09:00 ~ 20:00","sido":"incheon","sigungu":"seo"},{"name":"석남우리약국","address":"(22785) 인천광역시 서구 가정로 291 석남우리약국 (석남동)","tel":"032-575-6006","open":"08:30 ~ 20:00","sido":"incheon","sigungu":"seo"},{"name":"하나온누리약국","address":"(22785) 인천광역시 서구 가정로 309 (석남동)","tel":"032-571-6956","open":"09:00 ~ 21:00","sido":"incheon","sigungu":"seo"},{"name":"푸른건강약국","address":"(22777) 인천광역시 서구 가정로 370 (가정동,가정빌딩)","tel":"032-571-9206","open":"09:00 ~ 20:00","sido":"incheon","sigungu":"seo"},{"name":"오렌지약국","address":"(22778) 인천광역시 서구 가정로 375 금강아미움상가 104호 (신현동)","tel":"032-563-2474","open":"09:00 ~ 21:00","sido":"incheon","sigungu":"seo"},{"name":"한솔약국","address":"(22777) 인천광역시 서구 가정로 382 새인천상가 내 (가정동)","tel":"032-572-7633","open":"09:00 ~ 20:30","sido":"incheon","sigungu":"seo"},{"name":"세란약국","address":"(22777) 인천광역시 서구 가정로 388 (가정동)","tel":"032-582-1682","open":"09:00 ~ 19:00","sido":"incheon","sigungu":"seo"},{"name":"루원서울약국","address":"(22775) 인천광역시 서구 가정로 437 301동상가 204호 (가정동,루원시티SK리더스뷰)","tel":"032-715-7282","open":"09:00 ~ 20:00","sido":"incheon","sigungu":"seo"},{"name":"보건약국","address":"(22796) 인천광역시 서구 거북로 104 (석남동)","tel":"032-582-2761","open":"09:00 ~ 20:00","sido":"incheon","sigungu":"seo"},{"name":"자생약국","address":"(22795) 인천광역시 서구 거북로 74-1 (석남동)","tel":"032-571-6066","open":"07:30 ~ 20:00","sido":"incheon","sigungu":"seo"},{"name":"조은약국","address":"(22796) 인천광역시 서구 거북로 98 (석남동)","tel":"032-576-7530","open":"09:00 ~ 19:00","sido":"incheon","sigungu":"seo"},{"name":"에버그린약국","address":"(22806) 인천광역시 서구 건지로 371 (가좌동)","tel":"032-582-7799","open":"09:00 ~ 20:00","sido":"incheon","sigungu":"seo"},{"name":"가좌약국","address":"(22808) 인천광역시 서구 건지로318번길 32 103호 (가좌동)","tel":"032-571-3183","open":"09:00 ~ 19:30","sido":"incheon","sigungu":"seo"},{"name":"산들약국","address":"(22636) 인천광역시 서구 검단로 474 (왕길동,뷰비스타운)","tel":"032-564-9133","open":"09:00 ~ 21:00","sido":"incheon","sigungu":"seo"},{"name":"백제약국","address":"(22636) 인천광역시 서구 검단로 480 리치웰프라자 백제약국 (왕길동)","tel":"032-569-7582","open":"09:00 ~ 21:00","sido":"incheon","sigungu":"seo"},{"name":"불로스타약국","address":"(22620) 인천광역시 서구 검단로 759 103호 (불로동, 스타빌딩)","tel":"032-566-2624","open":"10:30 ~ 22:00","sido":"incheon","sigungu":"seo"},{"name":"서울약국","address":"(22628) 인천광역시 서구 검단로 836 217호 (불로동,월드상가)","tel":"032-564-0030","open":"09:00 ~ 18:00","sido":"incheon","sigungu":"seo"},{"name":"조은나라약국","address":"(22628) 인천광역시 서구 검단로 836 206호 (불로동,월드@중앙상가)","tel":"032-565-4090","open":"09:00 ~ 19:00","sido":"incheon","sigungu":"seo"},{"name":"참사랑약국","address":"(22628) 인천광역시 서구 검단로 836 중앙상가 201호 213호 (불로동,월드@중앙상가)","tel":"032-563-8810","open":"09:00 ~ 18:30","sido":"incheon","sigungu":"seo"},{"name":"누리약국","address":"(22616) 인천광역시 서구 검단로445번길 18 (왕길동,SM프라자)","tel":"032-567-0344","open":"09:00 ~ 19:00","sido":"incheon","sigungu":"seo"},{"name":"중앙약국","address":"(22789) 인천광역시 서구 길주로75번길 36 104호 (석남동,동서빌딩)","tel":"032-582-5919","open":"09:30 ~ 22:00","sido":"incheon","sigungu":"seo"},{"name":"하나약국","address":"(22657) 인천광역시 서구 단봉로 107 104호 104호 (왕길동,성우프라자)","tel":"032-563-1558","open":"09:00 ~ 19:00","sido":"incheon","sigungu":"seo"},{"name":"열린온누리약국","address":"(22657) 인천광역시 서구 단봉로 97-7 108호 (왕길동, 센타프라자)","tel":"070-8828-9179","open":"09:00 ~ 20:00","sido":"incheon","sigungu":"seo"},{"name":"경서메디칼약국","address":"(22692) 인천광역시 서구 도요지로 22 경서메디칼약국 (경서동)","tel":"032-562-4001","open":"09:00 ~ 21:00","sido":"incheon","sigungu":"seo"},{"name":"바른약국","address":"(22858) 인천광역시 서구 봉오재3로 40 104호 (가정동)","tel":"070-7670-1009","open":"09:00 ~ 19:30","sido":"incheon","sigungu":"seo"},{"name":"가정미소약국","address":"(22858) 인천광역시 서구 봉오재3로 42 1층 (가정동)","tel":"032-567-3012","open":"09:00 ~ 19:30","sido":"incheon","sigungu":"seo"},{"name":"명문약국","address":"(22858) 인천광역시 서구 봉오재3로 44 101호 명문약국 (가정동, 명문프라자)","tel":"032-721-7220","open":"09:00 ~ 20:00","sido":"incheon","sigungu":"seo"},{"name":"대학약국","address":"(22787) 인천광역시 서구 새오개로 37 (석남동)","tel":"032-574-6237","open":"09:00 ~ 20:30","sido":"incheon","sigungu":"seo"},{"name":"연세드림약국","address":"(22779) 인천광역시 서구 새오개로111번안길 32 (신현동)","tel":"032-572-9003","open":"09:00 ~ 20:00","sido":"incheon","sigungu":"seo"},{"name":"녹십자약국","address":"(22727) 인천광역시 서구 서곶로 293 1층 녹십자약국 (심곡동, 우민메디칼)","tel":"032-566-8600","open":"09:00 ~ 19:00","sido":"incheon","sigungu":"seo"},{"name":"새연희약국","address":"(22721) 인천광역시 서구 서곶로 355-1 (연희동)","tel":"032-567-3186","open":"08:00 ~ 20:30","sido":"incheon","sigungu":"seo"},{"name":"검단마트약국","address":"(22686) 인천광역시 서구 서곶로 754 이마트검단점 3층 (당하동)","tel":"032-564-7588","open":"10:00 ~ 21:30","sido":"incheon","sigungu":"seo"},{"name":"함께약국","address":"(22675) 인천광역시 서구 서곶로 823 1층 (당하동,송산프라자)","tel":"032-567-3828","open":"08:30 ~ 21:30","sido":"incheon","sigungu":"seo"},{"name":"한국약국","address":"(22800) 인천광역시 서구 서달로163번길 9 (석남동)","tel":"032-581-9297","open":"09:00 ~ 20:00","sido":"incheon","sigungu":"seo"},{"name":"연세온누리약국","address":"(22719) 인천광역시 서구 승학로 321 (연희동)","tel":"032-561-2212","open":"09:00 ~ 21:00","sido":"incheon","sigungu":"seo"},{"name":"늘건강온누리약국","address":"(22695) 인천광역시 서구 승학로 491 105호 (검암동,고산프라자)","tel":"032-569-2306","open":"09:00 ~ 21:00","sido":"incheon","sigungu":"seo"},{"name":"행복한약국","address":"(22695) 인천광역시 서구 승학로 497 109호 (검암동,검암프라자)","tel":"070-7792-5502","open":"09:00 ~ 19:00","sido":"incheon","sigungu":"seo"},{"name":"성민메디칼약국","address":"(22789) 인천광역시 서구 신석로 68 1층 (석남동)","tel":"032-577-6245","open":"09:00 ~ 18:30","sido":"incheon","sigungu":"seo"},{"name":"건지약국","address":"(22817) 인천광역시 서구 신진말로 30 (가좌동)","tel":"032-571-7572","open":"09:00 ~ 19:00","sido":"incheon","sigungu":"seo"},{"name":"명성약국","address":"(22816) 인천광역시 서구 신진말로 37-1 (가좌동)","tel":"032-577-6558","open":"09:00 ~ 21:00","sido":"incheon","sigungu":"seo"},{"name":"제일약국","address":"(22714) 인천광역시 서구 심곡로 133 111호 (심곡동, 대동상가)","tel":"032-564-8421","open":"09:00 ~ 20:00","sido":"incheon","sigungu":"seo"},{"name":"연희우리약국","address":"(22729) 인천광역시 서구 심곡로 24 (심곡동)","tel":"032-566-4258","open":"09:00 ~ 18:00","sido":"incheon","sigungu":"seo"},{"name":"크린팜대학약국","address":"(22711) 인천광역시 서구 심곡로100번길 15 (심곡동, 국제성모병원응급실앞)","tel":"032-567-8874","open":"08:30 ~ 18:00","sido":"incheon","sigungu":"seo"},{"name":"토마토약국","address":"(22711) 인천광역시 서구 심곡로100번길 17-3 (심곡동)","tel":"032-567-5860","open":"08:30 ~ 17:30","sido":"incheon","sigungu":"seo"},{"name":"백제당약국","address":"(22721) 인천광역시 서구 연희로 12 예동빌딩 1층 (연희동)","tel":"032-562-3049","open":"08:30 ~ 19:30","sido":"incheon","sigungu":"seo"},{"name":"루원진약국","address":"(22883) 인천광역시 서구 염곡로464번길 15 1층 (가정동)","tel":"032-569-4880","open":"09:00 ~ 19:00","sido":"incheon","sigungu":"seo"},{"name":"생동온누리약국","address":"(22636) 인천광역시 서구 완정로 153 101호 (왕길동, 이레메디칼)","tel":"032-568-1589","open":"08:30 ~ 19:00","sido":"incheon","sigungu":"seo"},{"name":"검단온누리약국","address":"(22642) 인천광역시 서구 완정로 18 104호 (마전동,한윤메디칼)","tel":"032-564-8894","open":"09:00 ~ 20:30","sido":"incheon","sigungu":"seo"},{"name":"마전메디칼약국","address":"(22616) 인천광역시 서구 완정로 187 (왕길동,마전메디칼센터)","tel":"032-561-0396","open":"09:00 ~ 20:30","sido":"incheon","sigungu":"seo"},{"name":"메디팜우리들약국","address":"(22616) 인천광역시 서구 완정로 187 마전메디컬센터 101호 (왕길동)","tel":"032-561-0978","open":"08:00 ~ 20:00","sido":"incheon","sigungu":"seo"},{"name":"그린온누리약국","address":"(22616) 인천광역시 서구 완정로 187 103호 (왕길동,마전메디칼센터)","tel":"032-561-1775","open":"08:00 ~ 19:00","sido":"incheon","sigungu":"seo"},{"name":"한성메디칼약국","address":"(22640) 인천광역시 서구 완정로 36 한성빌딩1층 (마전동)","tel":"032-567-5345","open":"09:00 ~ 20:30","sido":"incheon","sigungu":"seo"},{"name":"단오약국","address":"(22618) 인천광역시 서구 완정로178번길 31 (마전동)","tel":"032-563-3245","open":"09:00 ~ 21:00","sido":"incheon","sigungu":"seo"},{"name":"즐거운약국","address":"(22637) 인천광역시 서구 원당대로 581 롯데마트 2층 (마전동)","tel":"032-574-1651","open":"10:00 ~ 21:00","sido":"incheon","sigungu":"seo"},{"name":"올리브약국","address":"(22643) 인천광역시 서구 원당대로 663 103호 (마전동, 한종프라자)","tel":"032-566-5505","open":"09:00 ~ 20:00","sido":"incheon","sigungu":"seo"},{"name":"원당우리약국","address":"(22647) 인천광역시 서구 원당대로 859 107호 (원당동, 원당메디칼프라자)","tel":"032-568-1591","open":"09:30 ~ 20:00","sido":"incheon","sigungu":"seo"},{"name":"원당연세약국","address":"(22682) 인천광역시 서구 원당대로 866 세브란스빌딩 201호 (당하동)","tel":"032-569-2773","open":"08:30 ~ 19:00","sido":"incheon","sigungu":"seo"},{"name":"성심메디팜약국","address":"(22810) 인천광역시 서구 원적로 100 (가좌동) 로얄프라자 110호 ","tel":"032-575-5556","open":"09:00 ~ 19:00","sido":"incheon","sigungu":"seo"},{"name":"굿윌드림약국","address":"(22809) 인천광역시 서구 원적로 103 (가좌동)","tel":"032-574-4793","open":"09:00 ~ 21:00","sido":"incheon","sigungu":"seo"},{"name":"가좌한마음약국","address":"(22809) 인천광역시 서구 원적로 85 (가좌동, 우신프라자)","tel":"032-571-7582","open":"09:30 ~ 19:00","sido":"incheon","sigungu":"seo"},{"name":"사랑의약국","address":"(22810) 인천광역시 서구 원적로 96 (가좌동)","tel":"032-577-4241","open":"10:00 ~ 19:30","sido":"incheon","sigungu":"seo"},{"name":"편안한약국","address":"(22819) 인천광역시 서구 원적로27번길 11 1층 (가좌동)","tel":"032-583-1133","open":"08:30 ~ 19:30","sido":"incheon","sigungu":"seo"},{"name":"가좌메디칼약국","address":"(22810) 인천광역시 서구 원적로96번길 26 (가좌동, 가좌쇼핑프라자)","tel":"032-579-8653","open":"08:00 ~ 19:00","sido":"incheon","sigungu":"seo"},{"name":"휴베이스퍼스트약국","address":"(22865) 인천광역시 서구 이음5로 80 108호 (원당동,검단퍼스트)","tel":"032-566-7677","open":"08:30 ~ 20:00","sido":"incheon","sigungu":"seo"},{"name":"검단아라태평양약국","address":"(22866) 인천광역시 서구 이음대로 378 109호 (원당동,로뎀타워)","tel":"032-561-7766","open":"09:00 ~ 20:30","sido":"incheon","sigungu":"seo"},{"name":"이도약국","address":"(22762) 인천광역시 서구 중봉대로 587 (경서동,홈플러스 인천청라점)","tel":"032-562-8050","open":"10:00 ~ 21:30","sido":"incheon","sigungu":"seo"},{"name":"청라중앙약국","address":"(22736) 인천광역시 서구 중봉대로 588 104호 (연희동)","tel":"032-569-5678","open":"09:00 ~ 20:00","sido":"incheon","sigungu":"seo"},{"name":"청라비젼약국","address":"(22736) 인천광역시 서구 중봉대로 594 104호 (청라동, 청라비전프라자)","tel":"032-569-1057","open":"09:00 ~ 20:00","sido":"incheon","sigungu":"seo"},{"name":"청라미래약국","address":"(22736) 인천광역시 서구 중봉대로 602 102호 (연희동)","tel":"032-715-6038","open":"09:00 ~ 20:30","sido":"incheon","sigungu":"seo"},{"name":"백주년약국","address":"(22739) 인천광역시 서구 청라에메랄드로 78 (청라동, 딜라이트타워)","tel":"032-565-0416","open":"09:00 ~ 20:30","sido":"incheon","sigungu":"seo"},{"name":"이야기약국","address":"(22762) 인천광역시 서구 청라커낼로 252 A동 145호 (청라동,롯데마트)","tel":"032-563-8875","open":"09:00 ~ 19:00","sido":"incheon","sigungu":"seo"},{"name":"두리약국","address":"(22762) 인천광역시 서구 청라커낼로260번길 11 (청라동,진성프라자)","tel":"010-4482-2253","open":"09:00 ~ 22:00","sido":"incheon","sigungu":"seo"},{"name":"3층조은약국","address":"(22758) 인천광역시 서구 청라한내로72번길 23 312호 (청라동,쓰리엠파크)","tel":"032-567-5080","open":"09:00 ~ 20:00","sido":"incheon","sigungu":"seo"},{"name":"미소탑약국","address":"(22675) 인천광역시 서구 청마로 17 (당하동,준성빌딩)","tel":"032-566-0182","open":"08:30 ~ 18:30","sido":"incheon","sigungu":"seo"},{"name":"당하백화점약국","address":"(22677) 인천광역시 서구 청마로167번길 8 106호 ","tel":"032-564-8218","open":"09:00 ~ 19:00","sido":"incheon","sigungu":"seo"},{"name":"사랑탑약국","address":"(22675) 인천광역시 서구 청마로19번길 3 (당하동,드림빌딩)","tel":"032-569-7117","open":"08:00 ~ 19:00","sido":"incheon","sigungu":"seo"},{"name":"메디탑약국","address":"(22675) 인천광역시 서구 청마로19번길 9 101호 메디탑약국 (당하동)","tel":"032-564-6924","open":"08:30 ~ 18:30","sido":"incheon","sigungu":"seo"},{"name":"가정온누리약국","address":"(22858) 인천광역시 서구 청중로 486 (가정동, 부일프라자)","tel":"032-566-7809","open":"09:00 ~ 21:00","sido":"incheon","sigungu":"seo"},{"name":"플러스약국","address":"(22789) 인천광역시 서구 칠천왕로33번길 18 101호 (석남동)","tel":"032-575-9917","open":"09:00 ~ 18:30","sido":"incheon","sigungu":"seo"},{"name":"호수약국","address":"(22760) 인천광역시 서구 크리스탈로 78 (경서동)","tel":"032-567-6756","open":"09:00 ~ 20:00","sido":"incheon","sigungu":"seo"},{"name":"복지온누리약국","address":"(22726) 인천광역시 서구 탁옥로 37 (심곡동)","tel":"032-568-5538","open":"09:00 ~ 21:00","sido":"incheon","sigungu":"seo"},{"name":"그린약국","address":"(22726) 인천광역시 서구 탁옥로 45 (심곡동)","tel":"032-569-4037","open":"09:00 ~ 20:00","sido":"incheon","sigungu":"seo"},{"name":"태평양약국","address":"(22765) 인천광역시 서구 푸른로 3 104호 (경서동,청라M빌딩)","tel":"032-564-8070","open":"09:00 ~ 20:00","sido":"incheon","sigungu":"seo"}]